zip,city,state,county,payout
95220,Acampo,CA,San Joaquin County,42.5
93510,Acton,CA,Los Angeles County,42.5
92301,Adelanto,CA,San Bernardino County,42.5
96006,Adin,CA,Modoc County,42.5
91301,Agoura Hills,CA,Los Angeles County,42.5
91376,Agoura Hills,CA,Los Angeles County,42.5
92536,Aguanga,CA,Riverside County,42.5
93601,Ahwahnee,CA,Madera County,42.5
94501,Alameda,CA,Alameda County,42.5
94502,Alameda,CA,Alameda County,42.5
94507,Alamo,CA,Contra Costa County,42.5
94706,Albany,CA,Alameda County,42.5
95410,Albion,CA,Mendocino County,42.5
95511,Alderpoint,CA,Humboldt County,42.5
91801,Alhambra,CA,Los Angeles County,42.5
91802,Alhambra,CA,Los Angeles County,42.5
91803,Alhambra,CA,Los Angeles County,42.5
91804,Alhambra,CA,Los Angeles County,42.5
91896,Alhambra,CA,Los Angeles County,42.5
91899,Alhambra,CA,Los Angeles County,42.5
92656,Aliso Viejo,CA,Orange County,42.5
92698,Aliso Viejo,CA,Orange County,42.5
95910,Alleghany,CA,Sierra County,42.5
93201,Alpaugh,CA,Tulare County,42.5
91901,Alpine,CA,San Diego County,42.5
91903,Alpine,CA,San Diego County,42.5
95701,Alta,CA,Placer County,42.5
91001,Altadena,CA,Los Angeles County,42.5
91003,Altadena,CA,Los Angeles County,42.5
95221,Altaville,CA,Calaveras County,32.5
96101,Alturas,CA,Modoc County,42.5
95002,Alviso,CA,Santa Clara County,42.5
95601,Amador City,CA,Amador County,32.5
92304,Amboy,CA,San Bernardino County,32.5
94503,American Canyon,CA,Napa County,42.5
92801,Anaheim,CA,Orange County,42.5
92802,Anaheim,CA,Orange County,42.5
92803,Anaheim,CA,Orange County,42.5
92804,Anaheim,CA,Orange County,42.5
92805,Anaheim,CA,Orange County,42.5
92806,Anaheim,CA,Orange County,42.5
92807,Anaheim,CA,Orange County,42.5
92808,Anaheim,CA,Orange County,42.5
92809,Anaheim,CA,Orange County,42.5
92812,Anaheim,CA,Orange County,42.5
92814,Anaheim,CA,Orange County,42.5
92815,Anaheim,CA,Orange County,42.5
92816,Anaheim,CA,Orange County,42.5
92817,Anaheim,CA,Orange County,42.5
92825,Anaheim,CA,Orange County,42.5
92850,Anaheim,CA,Orange County,42.5
92899,Anaheim,CA,Orange County,42.5
96007,Anderson,CA,Shasta County,42.5
95222,Angels Camp,CA,Calaveras County,42.5
92305,Angelus Oaks,CA,San Bernardino County,42.5
94508,Angwin,CA,Napa County,42.5
95412,Annapolis,CA,Sonoma County,42.5
95843,Antelope,CA,Sacramento County,42.5
94509,Antioch,CA,Contra Costa County,42.5
94531,Antioch,CA,Contra Costa County,42.5
92539,Anza,CA,Riverside County,42.5
92307,Apple Valley,CA,San Bernardino County,42.5
92308,Apple Valley,CA,San Bernardino County,42.5
95703,Applegate,CA,Placer County,42.5
95001,Aptos,CA,Santa Cruz County,42.5
95003,Aptos,CA,Santa Cruz County,42.5
95912,Arbuckle,CA,Colusa County,42.5
91006,Arcadia,CA,Los Angeles County,42.5
91007,Arcadia,CA,Los Angeles County,42.5
91066,Arcadia,CA,Los Angeles County,42.5
91077,Arcadia,CA,Los Angeles County,42.5
95518,Arcata,CA,Humboldt County,42.5
95521,Arcata,CA,Humboldt County,42.5
93202,Armona,CA,Kings County,42.5
95223,Arnold,CA,Calaveras County,42.5
95004,Aromas,CA,Monterey County,42.5
93420,Arroyo Grande,CA,San Luis Obispo County,32.5
93421,Arroyo Grande,CA,San Luis Obispo County,32.5
90701,Artesia,CA,Los Angeles County,42.5
90702,Artesia,CA,Los Angeles County,42.5
95913,Artois,CA,Glenn County,42.5
93203,Arvin,CA,Kern County,42.5
93422,Atascadero,CA,San Luis Obispo County,32.5
93423,Atascadero,CA,San Luis Obispo County,32.5
94027,Atherton,CA,San Mateo County,42.5
95301,Atwater,CA,Merced County,42.5
92811,Atwood,CA,Orange County,42.5
93602,Auberry,CA,Fresno County,42.5
95602,Auburn,CA,Placer County,42.5
95603,Auburn,CA,Placer County,42.5
95604,Auburn,CA,Placer County,42.5
90704,Avalon,CA,Los Angeles County,42.5
93204,Avenal,CA,Kings County,42.5
95224,Avery,CA,Calaveras County,32.5
93424,Avila Beach,CA,San Luis Obispo County,32.5
91702,Azusa,CA,Los Angeles County,42.5
93603,Badger,CA,Tulare County,42.5
92309,Baker,CA,San Bernardino County,42.5
93301,Bakersfield,CA,Kern County,42.5
93302,Bakersfield,CA,Kern County,42.5
93303,Bakersfield,CA,Kern County,42.5
93304,Bakersfield,CA,Kern County,42.5
93305,Bakersfield,CA,Kern County,42.5
93306,Bakersfield,CA,Kern County,42.5
93307,Bakersfield,CA,Kern County,42.5
93308,Bakersfield,CA,Kern County,42.5
93309,Bakersfield,CA,Kern County,42.5
93311,Bakersfield,CA,Kern County,42.5
93312,Bakersfield,CA,Kern County,42.5
93313,Bakersfield,CA,Kern County,42.5
93314,Bakersfield,CA,Kern County,42.5
93380,Bakersfield,CA,Kern County,42.5
93383,Bakersfield,CA,Kern County,42.5
93384,Bakersfield,CA,Kern County,42.5
93385,Bakersfield,CA,Kern County,42.5
93386,Bakersfield,CA,Kern County,42.5
93387,Bakersfield,CA,Kern County,42.5
93388,Bakersfield,CA,Kern County,42.5
93389,Bakersfield,CA,Kern County,42.5
93390,Bakersfield,CA,Kern County,42.5
91706,Baldwin Park,CA,Los Angeles County,42.5
95303,Ballico,CA,Merced County,42.5
95914,Bangor,CA,Butte County,42.5
92220,Banning,CA,Riverside County,42.5
92222,Bard,CA,Imperial County,32.5
92311,Barstow,CA,San Bernardino County,42.5
92312,Barstow,CA,San Bernardino County,42.5
93604,Bass Lake,CA,Madera County,42.5
95524,Bayside,CA,Humboldt County,42.5
95903,Beale Afb,CA,Yuba County,42.5
92223,Beaumont,CA,Riverside County,42.5
96129,Beckwourth,CA,Plumas County,42.5
90202,Bell,CA,Los Angeles County,42.5
90201,Bell Gardens,CA,Los Angeles County,42.5
96008,Bella Vista,CA,Shasta County,42.5
90706,Bellflower,CA,Los Angeles County,42.5
90707,Bellflower,CA,Los Angeles County,42.5
94002,Belmont,CA,San Mateo County,42.5
94920,Belvedere Tiburon,CA,Marin County,42.5
95005,Ben Lomond,CA,Santa Cruz County,42.5
94510,Benicia,CA,Solano County,42.5
93512,Benton,CA,Mono County,32.5
94701,Berkeley,CA,Alameda County,42.5
94702,Berkeley,CA,Alameda County,42.5
94703,Berkeley,CA,Alameda County,42.5
94704,Berkeley,CA,Alameda County,42.5
94705,Berkeley,CA,Alameda County,42.5
94707,Berkeley,CA,Alameda County,42.5
94708,Berkeley,CA,Alameda County,42.5
94709,Berkeley,CA,Alameda County,42.5
94710,Berkeley,CA,Alameda County,42.5
94712,Berkeley,CA,Alameda County,32.5
94720,Berkeley,CA,Alameda County,42.5
95916,Berry Creek,CA,Butte County,42.5
94511,Bethel Island,CA,Contra Costa County,42.5
90209,Beverly Hills,CA,Los Angeles County,42.5
90210,Beverly Hills,CA,Los Angeles County,42.5
90211,Beverly Hills,CA,Los Angeles County,42.5
90212,Beverly Hills,CA,Los Angeles County,42.5
90213,Beverly Hills,CA,Los Angeles County,42.5
96009,Bieber,CA,Lassen County,42.5
96010,Big Bar,CA,Trinity County,42.5
92314,Big Bear City,CA,San Bernardino County,42.5
92315,Big Bear Lake,CA,San Bernardino County,42.5
96011,Big Bend,CA,Shasta County,42.5
93605,Big Creek,CA,Fresno County,42.5
95305,Big Oak Flat,CA,Tuolumne County,42.5
93513,Big Pine,CA,Inyo County,32.5
93920,Big Sur,CA,Monterey County,42.5
95917,Biggs,CA,Butte County,42.5
93606,Biola,CA,Fresno County,42.5
94512,Birds Landing,CA,Solano County,42.5
93514,Bishop,CA,Inyo County,32.5
93515,Bishop,CA,Inyo County,32.5
96103,Blairsden Graeagle,CA,Plumas County,42.5
95514,Blocksburg,CA,Humboldt County,42.5
92316,Bloomington,CA,San Bernardino County,42.5
92317,Blue Jay,CA,San Bernardino County,42.5
95525,Blue Lake,CA,Humboldt County,42.5
92225,Blythe,CA,Riverside County,42.5
92226,Blythe,CA,Riverside County,42.5
94922,Bodega,CA,Sonoma County,42.5
94923,Bodega Bay,CA,Sonoma County,42.5
93205,Bodfish,CA,Kern County,42.5
94924,Bolinas,CA,Marin County,42.5
91902,Bonita,CA,San Diego County,42.5
91908,Bonita,CA,San Diego County,42.5
92003,Bonsall,CA,San Diego County,42.5
95415,Boonville,CA,Mendocino County,42.5
93516,Boron,CA,Kern County,32.5
93596,Boron,CA,Kern County,32.5
92004,Borrego Springs,CA,San Diego County,42.5
95006,Boulder Creek,CA,Santa Cruz County,42.5
91905,Boulevard,CA,San Diego County,42.5
95416,Boyes Hot Springs,CA,Sonoma County,42.5
93426,Bradley,CA,Monterey County,32.5
93064,Brandeis,CA,Ventura County,42.5
95417,Branscomb,CA,Mendocino County,42.5
92227,Brawley,CA,Imperial County,32.5
92821,Brea,CA,Orange County,42.5
92822,Brea,CA,Orange County,42.5
92823,Brea,CA,Orange County,42.5
94513,Brentwood,CA,Contra Costa County,42.5
93517,Bridgeport,CA,Mono County,32.5
95526,Bridgeville,CA,Humboldt County,42.5
94005,Brisbane,CA,San Mateo County,42.5
95007,Brookdale,CA,Santa Cruz County,42.5
95606,Brooks,CA,Yolo County,42.5
95918,Browns Valley,CA,Yuba County,42.5
95919,Brownsville,CA,Yuba County,42.5
92318,Bryn Mawr,CA,San Bernardino County,42.5
93427,Buellton,CA,Santa Barbara County,32.5
90620,Buena Park,CA,Orange County,42.5
90621,Buena Park,CA,Orange County,42.5
90622,Buena Park,CA,Orange County,42.5
90624,Buena Park,CA,Orange County,42.5
91501,Burbank,CA,Los Angeles County,42.5
91502,Burbank,CA,Los Angeles County,42.5
91503,Burbank,CA,Los Angeles County,42.5
91504,Burbank,CA,Los Angeles County,42.5
91505,Burbank,CA,Los Angeles County,42.5
91506,Burbank,CA,Los Angeles County,42.5
91507,Burbank,CA,Los Angeles County,42.5
91508,Burbank,CA,Los Angeles County,42.5
91510,Burbank,CA,Los Angeles County,42.5
91521,Burbank,CA,Los Angeles County,42.5
91522,Burbank,CA,Los Angeles County,42.5
91523,Burbank,CA,Los Angeles County,42.5
91526,Burbank,CA,Los Angeles County,42.5
94010,Burlingame,CA,San Mateo County,42.5
94011,Burlingame,CA,San Mateo County,42.5
96013,Burney,CA,Shasta County,42.5
95527,Burnt Ranch,CA,Trinity County,42.5
93607,Burrel,CA,Fresno County,42.5
95225,Burson,CA,Calaveras County,32.5
95920,Butte City,CA,Glenn County,42.5
93206,Buttonwillow,CA,Kern County,42.5
94514,Byron,CA,Contra Costa County,42.5
92230,Cabazon,CA,Riverside County,42.5
91302,Calabasas,CA,Los Angeles County,42.5
91372,Calabasas,CA,Los Angeles County,42.5
92231,Calexico,CA,Imperial County,32.5
92232,Calexico,CA,Imperial County,32.5
93518,Caliente,CA,Kern County,42.5
93504,California City,CA,Kern County,32.5
93505,California City,CA,Kern County,32.5
93207,California Hot Springs,CA,Tulare County,42.5
92320,Calimesa,CA,Riverside County,42.5
92233,Calipatria,CA,Imperial County,32.5
94515,Calistoga,CA,Napa County,42.5
96014,Callahan,CA,Siskiyou County,42.5
95418,Calpella,CA,Mendocino County,42.5
96124,Calpine,CA,Sierra County,42.5
93010,Camarillo,CA,Ventura County,42.5
93011,Camarillo,CA,Ventura County,42.5
93012,Camarillo,CA,Ventura County,42.5
93428,Cambria,CA,San Luis Obispo County,32.5
95709,Camino,CA,El Dorado County,42.5
95419,Camp Meeker,CA,Sonoma County,42.5
93208,Camp Nelson,CA,Tulare County,42.5
92055,Camp Pendleton,CA,San Diego County,42.5
95008,Campbell,CA,Santa Clara County,42.5
95009,Campbell,CA,Santa Clara County,32.5
95011,Campbell,CA,Santa Clara County,32.5
91906,Campo,CA,San Diego County,42.5
95226,Campo Seco,CA,Calaveras County,32.5
95922,Camptonville,CA,Yuba County,42.5
96015,Canby,CA,Modoc County,42.5
91303,Canoga Park,CA,Los Angeles County,42.5
91304,Canoga Park,CA,Los Angeles County,42.5
91305,Canoga Park,CA,Los Angeles County,42.5
91309,Canoga Park,CA,Los Angeles County,42.5
93519,Cantil,CA,Kern County,32.5
93608,Cantua Creek,CA,Fresno County,42.5
94516,Canyon,CA,Contra Costa County,32.5
91351,Canyon Country,CA,Los Angeles County,42.5
91386,Canyon Country,CA,Los Angeles County,42.5
91387,Canyon Country,CA,Los Angeles County,42.5
95607,Capay,CA,Yolo County,42.5
92624,Capistrano Beach,CA,Orange County,42.5
95010,Capitola,CA,Santa Cruz County,42.5
92007,Cardiff By The Sea,CA,San Diego County,42.5
95528,Carlotta,CA,Humboldt County,42.5
92008,Carlsbad,CA,San Diego County,42.5
92009,Carlsbad,CA,San Diego County,42.5
92010,Carlsbad,CA,San Diego County,42.5
92011,Carlsbad,CA,San Diego County,42.5
92013,Carlsbad,CA,San Diego County,42.5
92018,Carlsbad,CA,San Diego County,42.5
93922,Carmel,CA,Monterey County,42.5
93923,Carmel,CA,Monterey County,42.5
93921,Carmel By The Sea,CA,Monterey County,42.5
93924,Carmel Valley,CA,Monterey County,42.5
95608,Carmichael,CA,Sacramento County,42.5
95609,Carmichael,CA,Sacramento County,42.5
96140,Carnelian Bay,CA,Placer County,42.5
93013,Carpinteria,CA,Santa Barbara County,42.5
93014,Carpinteria,CA,Santa Barbara County,42.5
90745,Carson,CA,Los Angeles County,42.5
90746,Carson,CA,Los Angeles County,42.5
90747,Carson,CA,Los Angeles County,42.5
90749,Carson,CA,Los Angeles County,42.5
90895,Carson,CA,Los Angeles County,42.5
93609,Caruthers,CA,Fresno County,42.5
95420,Caspar,CA,Mendocino County,42.5
96016,Cassel,CA,Shasta County,42.5
91310,Castaic,CA,Los Angeles County,42.5
91384,Castaic,CA,Los Angeles County,42.5
96017,Castella,CA,Shasta County,42.5
94546,Castro Valley,CA,Alameda County,42.5
94552,Castro Valley,CA,Alameda County,42.5
95012,Castroville,CA,Monterey County,42.5
92234,Cathedral City,CA,Riverside County,42.5
92235,Cathedral City,CA,Riverside County,42.5
95306,Catheys Valley,CA,Mariposa County,42.5
93430,Cayucos,CA,San Luis Obispo County,32.5
95421,Cazadero,CA,Sonoma County,42.5
92321,Cedar Glen,CA,San Bernardino County,42.5
95924,Cedar Ridge,CA,Nevada County,42.5
92322,Cedarpines Park,CA,San Bernardino County,42.5
96104,Cedarville,CA,Modoc County,42.5
95307,Ceres,CA,Stanislaus County,42.5
90703,Cerritos,CA,Los Angeles County,42.5
95925,Challenge,CA,Yuba County,42.5
91311,Chatsworth,CA,Los Angeles County,42.5
91313,Chatsworth,CA,Los Angeles County,42.5
96020,Chester,CA,Plumas County,42.5
95712,Chicago Park,CA,Nevada County,42.5
95926,Chico,CA,Butte County,42.5
95927,Chico,CA,Butte County,42.5
95928,Chico,CA,Butte County,42.5
95973,Chico,CA,Butte County,42.5
96105,Chilcoot,CA,Plumas County,42.5
95309,Chinese Camp,CA,Tuolumne County,42.5
91708,Chino,CA,San Bernardino County,42.5
91710,Chino,CA,San Bernardino County,42.5
91709,Chino Hills,CA,San Bernardino County,42.5
93610,Chowchilla,CA,Madera County,42.5
93925,Chualar,CA,Monterey County,42.5
91909,Chula Vista,CA,San Diego County,42.5
91910,Chula Vista,CA,San Diego County,42.5
91911,Chula Vista,CA,San Diego County,42.5
91912,Chula Vista,CA,San Diego County,42.5
91913,Chula Vista,CA,San Diego County,42.5
91914,Chula Vista,CA,San Diego County,42.5
91915,Chula Vista,CA,San Diego County,42.5
91921,Chula Vista,CA,San Diego County,42.5
92323,Cima,CA,San Bernardino County,32.5
95610,Citrus Heights,CA,Sacramento County,42.5
95611,Citrus Heights,CA,Sacramento County,42.5
95621,Citrus Heights,CA,Sacramento County,42.5
91714,City Of Industry,CA,Los Angeles County,42.5
91715,City Of Industry,CA,Los Angeles County,42.5
91716,City Of Industry,CA,Los Angeles County,42.5
91711,Claremont,CA,Los Angeles County,42.5
95612,Clarksburg,CA,Yolo County,42.5
94517,Clayton,CA,Contra Costa County,42.5
95422,Clearlake,CA,Lake County,42.5
95423,Clearlake Oaks,CA,Lake County,42.5
95424,Clearlake Park,CA,Lake County,42.5
95227,Clements,CA,San Joaquin County,42.5
96106,Clio,CA,Plumas County,42.5
95930,Clipper Mills,CA,Butte County,42.5
95425,Cloverdale,CA,Sonoma County,42.5
93611,Clovis,CA,Fresno County,42.5
93612,Clovis,CA,Fresno County,42.5
93613,Clovis,CA,Fresno County,42.5
93619,Clovis,CA,Fresno County,42.5
92236,Coachella,CA,Riverside County,42.5
93210,Coalinga,CA,Fresno County,42.5
93614,Coarsegold,CA,Madera County,42.5
95426,Cobb,CA,Lake County,42.5
96107,Coleville,CA,Mono County,32.5
95713,Colfax,CA,Placer County,42.5
95613,Coloma,CA,El Dorado County,32.5
92324,Colton,CA,San Bernardino County,42.5
95310,Columbia,CA,Tuolumne County,42.5
95932,Colusa,CA,Colusa County,42.5
95427,Comptche,CA,Mendocino County,42.5
90220,Compton,CA,Los Angeles County,42.5
90221,Compton,CA,Los Angeles County,42.5
90222,Compton,CA,Los Angeles County,42.5
90223,Compton,CA,Los Angeles County,42.5
90224,Compton,CA,Los Angeles County,42.5
94518,Concord,CA,Contra Costa County,42.5
94519,Concord,CA,Contra Costa County,42.5
94520,Concord,CA,Contra Costa County,42.5
94521,Concord,CA,Contra Costa County,42.5
94522,Concord,CA,Contra Costa County,42.5
94524,Concord,CA,Contra Costa County,42.5
94527,Concord,CA,Contra Costa County,42.5
94529,Concord,CA,Contra Costa County,42.5
95614,Cool,CA,El Dorado County,42.5
95228,Copperopolis,CA,Calaveras County,42.5
93212,Corcoran,CA,Kings County,42.5
96021,Corning,CA,Tehama County,42.5
92877,Corona,CA,Riverside County,42.5
92878,Corona,CA,Riverside County,42.5
92879,Corona,CA,Riverside County,42.5
92880,Corona,CA,Riverside County,42.5
92881,Corona,CA,Riverside County,42.5
92882,Corona,CA,Riverside County,42.5
92883,Corona,CA,Riverside County,42.5
92625,Corona Del Mar,CA,Orange County,42.5
92118,Coronado,CA,San Diego County,42.5
92178,Coronado,CA,San Diego County,42.5
94925,Corte Madera,CA,Marin County,42.5
94976,Corte Madera,CA,Marin County,42.5
92626,Costa Mesa,CA,Orange County,42.5
92627,Costa Mesa,CA,Orange County,42.5
92628,Costa Mesa,CA,Orange County,42.5
94931,Cotati,CA,Sonoma County,42.5
96022,Cottonwood,CA,Tehama County,42.5
95311,Coulterville,CA,Mariposa County,42.5
95615,Courtland,CA,Sacramento County,42.5
95428,Covelo,CA,Mendocino County,42.5
91722,Covina,CA,Los Angeles County,42.5
91723,Covina,CA,Los Angeles County,42.5
91724,Covina,CA,Los Angeles County,42.5
95013,Coyote,CA,Santa Clara County,32.5
95531,Crescent City,CA,Del Norte County,42.5
95934,Crescent Mills,CA,Plumas County,42.5
95312,Cressey,CA,Merced County,42.5
92326,Crest Park,CA,San Bernardino County,42.5
92325,Crestline,CA,San Bernardino County,42.5
93432,Creston,CA,San Luis Obispo County,32.5
94525,Crockett,CA,Contra Costa County,42.5
95313,Crows Landing,CA,Stanislaus County,42.5
90230,Culver City,CA,Los Angeles County,42.5
90231,Culver City,CA,Los Angeles County,42.5
90232,Culver City,CA,Los Angeles County,42.5
90233,Culver City,CA,Los Angeles County,32.5
95014,Cupertino,CA,Santa Clara County,42.5
95015,Cupertino,CA,Santa Clara County,32.5
93615,Cutler,CA,Tulare County,42.5
95534,Cutten,CA,Humboldt County,42.5
90630,Cypress,CA,Orange County,42.5
92327,Daggett,CA,San Bernardino County,42.5
94014,Daly City,CA,San Mateo County,42.5
94015,Daly City,CA,San Mateo County,42.5
94016,Daly City,CA,San Mateo County,32.5
94017,Daly City,CA,San Mateo County,42.5
92629,Dana Point,CA,Orange County,42.5
94506,Danville,CA,Contra Costa County,42.5
94526,Danville,CA,Contra Costa County,42.5
93522,Darwin,CA,Inyo County,32.5
95017,Davenport,CA,Santa Cruz County,42.5
95616,Davis,CA,Yolo County,42.5
95617,Davis,CA,Yolo County,42.5
95618,Davis,CA,Yolo County,42.5
96108,Davis Creek,CA,Modoc County,42.5
92328,Death Valley,CA,Inyo County,32.5
94576,Deer Park,CA,Napa County,42.5
92014,Del Mar,CA,San Diego County,42.5
93616,Del Rey,CA,Fresno County,42.5
93215,Delano,CA,Kern County,42.5
93216,Delano,CA,Kern County,42.5
95315,Delhi,CA,Merced County,42.5
95316,Denair,CA,Stanislaus County,42.5
91916,Descanso,CA,San Diego County,42.5
92239,Desert Center,CA,Riverside County,42.5
92240,Desert Hot Springs,CA,Riverside County,42.5
92241,Desert Hot Springs,CA,Riverside County,42.5
94528,Diablo,CA,Contra Costa County,42.5
91765,Diamond Bar,CA,Los Angeles County,42.5
95619,Diamond Springs,CA,El Dorado County,42.5
94929,Dillon Beach,CA,Marin County,42.5
93618,Dinuba,CA,Tulare County,42.5
94505,Discovery Bay,CA,Contra Costa County,42.5
95620,Dixon,CA,Solano County,42.5
95935,Dobbins,CA,Yuba County,42.5
90090,Dodgertown,CA,Los Angeles County,32.5
96023,Dorris,CA,Siskiyou County,42.5
93620,Dos Palos,CA,Merced County,42.5
95429,Dos Rios,CA,Mendocino County,42.5
96024,Douglas City,CA,Trinity County,42.5
95229,Douglas Flat,CA,Calaveras County,32.5
90239,Downey,CA,Los Angeles County,42.5
90240,Downey,CA,Los Angeles County,42.5
90241,Downey,CA,Los Angeles County,42.5
90242,Downey,CA,Los Angeles County,42.5
95936,Downieville,CA,Sierra County,42.5
96109,Doyle,CA,Lassen County,42.5
95699,Drytown,CA,Amador County,32.5
91008,Duarte,CA,Los Angeles County,42.5
91009,Duarte,CA,Los Angeles County,42.5
91010,Duarte,CA,Los Angeles County,42.5
94568,Dublin,CA,Alameda County,42.5
93218,Ducor,CA,Tulare County,42.5
91917,Dulzura,CA,San Diego County,42.5
95430,Duncans Mills,CA,Sonoma County,42.5
93621,Dunlap,CA,Fresno County,42.5
95937,Dunnigan,CA,Yolo County,42.5
96025,Dunsmuir,CA,Siskiyou County,42.5
95938,Durham,CA,Butte County,42.5
95714,Dutch Flat,CA,Placer County,32.5
96110,Eagleville,CA,Modoc County,42.5
93219,Earlimart,CA,Tulare County,42.5
92242,Earp,CA,San Bernardino County,42.5
92650,East Irvine,CA,Orange County,42.5
95721,Echo Lake,CA,El Dorado County,32.5
93220,Edison,CA,Kern County,42.5
93523,Edwards,CA,Kern County,42.5
93524,Edwards,CA,Kern County,42.5
92019,El Cajon,CA,San Diego County,42.5
92020,El Cajon,CA,San Diego County,42.5
92021,El Cajon,CA,San Diego County,42.5
92022,El Cajon,CA,San Diego County,42.5
92243,El Centro,CA,Imperial County,32.5
92244,El Centro,CA,Imperial County,32.5
94530,El Cerrito,CA,Contra Costa County,42.5
95623,El Dorado,CA,El Dorado County,42.5
95762,El Dorado Hills,CA,El Dorado County,42.5
94018,El Granada,CA,San Mateo County,42.5
91731,El Monte,CA,Los Angeles County,42.5
91732,El Monte,CA,Los Angeles County,42.5
91734,El Monte,CA,Los Angeles County,42.5
91735,El Monte,CA,Los Angeles County,42.5
95317,El Nido,CA,Merced County,42.5
95318,El Portal,CA,Mariposa County,42.5
90245,El Segundo,CA,Los Angeles County,42.5
94803,El Sobrante,CA,Contra Costa County,42.5
94820,El Sobrante,CA,Contra Costa County,42.5
92609,El Toro,CA,Orange County,42.5
95433,El Verano,CA,Sonoma County,42.5
95431,Eldridge,CA,Sonoma County,42.5
95432,Elk,CA,Mendocino County,42.5
95939,Elk Creek,CA,Glenn County,42.5
95624,Elk Grove,CA,Sacramento County,42.5
95757,Elk Grove,CA,Sacramento County,42.5
95758,Elk Grove,CA,Sacramento County,42.5
95759,Elk Grove,CA,Sacramento County,42.5
95625,Elmira,CA,Solano County,42.5
95626,Elverta,CA,Sacramento County,42.5
94608,Emeryville,CA,Alameda County,42.5
94662,Emeryville,CA,Alameda County,32.5
95715,Emigrant Gap,CA,Placer County,32.5
95319,Empire,CA,Stanislaus County,42.5
92023,Encinitas,CA,San Diego County,42.5
92024,Encinitas,CA,San Diego County,42.5
91316,Encino,CA,Los Angeles County,42.5
91416,Encino,CA,Los Angeles County,42.5
91426,Encino,CA,Los Angeles County,42.5
91436,Encino,CA,Los Angeles County,42.5
95320,Escalon,CA,San Joaquin County,42.5
92025,Escondido,CA,San Diego County,42.5
92026,Escondido,CA,San Diego County,42.5
92027,Escondido,CA,San Diego County,42.5
92029,Escondido,CA,San Diego County,42.5
92030,Escondido,CA,San Diego County,42.5
92033,Escondido,CA,San Diego County,42.5
92046,Escondido,CA,San Diego County,42.5
95627,Esparto,CA,Yolo County,42.5
92332,Essex,CA,San Bernardino County,32.5
96027,Etna,CA,Siskiyou County,42.5
95501,Eureka,CA,Humboldt County,42.5
95502,Eureka,CA,Humboldt County,42.5
95503,Eureka,CA,Humboldt County,42.5
93221,Exeter,CA,Tulare County,42.5
95628,Fair Oaks,CA,Sacramento County,42.5
94930,Fairfax,CA,Marin County,42.5
94978,Fairfax,CA,Marin County,42.5
94533,Fairfield,CA,Solano County,42.5
94534,Fairfield,CA,Solano County,42.5
96028,Fall River Mills,CA,Shasta County,42.5
92028,Fallbrook,CA,San Diego County,42.5
92088,Fallbrook,CA,San Diego County,42.5
93223,Farmersville,CA,Tulare County,42.5
95230,Farmington,CA,San Joaquin County,42.5
92333,Fawnskin,CA,San Bernardino County,42.5
95940,Feather Falls,CA,Butte County,42.5
93224,Fellows,CA,Kern County,42.5
95018,Felton,CA,Santa Cruz County,42.5
95536,Ferndale,CA,Humboldt County,42.5
95629,Fiddletown,CA,Amador County,42.5
95537,Fields Landing,CA,Humboldt County,42.5
93015,Fillmore,CA,Ventura County,42.5
93016,Fillmore,CA,Ventura County,42.5
95435,Finley,CA,Lake County,42.5
93622,Firebaugh,CA,Fresno County,42.5
93623,Fish Camp,CA,Mariposa County,42.5
93624,Five Points,CA,Fresno County,42.5
96111,Floriston,CA,Nevada County,32.5
96029,Flournoy,CA,Tehama County,42.5
95630,Folsom,CA,Sacramento County,42.5
95763,Folsom,CA,Sacramento County,42.5
92331,Fontana,CA,San Bernardino County,42.5
92334,Fontana,CA,San Bernardino County,42.5
92335,Fontana,CA,San Bernardino County,42.5
92336,Fontana,CA,San Bernardino County,42.5
92337,Fontana,CA,San Bernardino County,42.5
92610,Foothill Ranch,CA,Orange County,42.5
95941,Forbestown,CA,Butte County,42.5
92339,Forest Falls,CA,San Bernardino County,42.5
94933,Forest Knolls,CA,Marin County,42.5
95942,Forest Ranch,CA,Butte County,42.5
95631,Foresthill,CA,Placer County,42.5
95436,Forestville,CA,Sonoma County,42.5
96031,Forks Of Salmon,CA,Siskiyou County,42.5
96112,Fort Bidwell,CA,Modoc County,42.5
95437,Fort Bragg,CA,Mendocino County,42.5
95538,Fort Dick,CA,Del Norte County,42.5
92310,Fort Irwin,CA,San Bernardino County,42.5
96032,Fort Jones,CA,Siskiyou County,42.5
95540,Fortuna,CA,Humboldt County,42.5
92708,Fountain Valley,CA,Orange County,42.5
92728,Fountain Valley,CA,Orange County,42.5
93625,Fowler,CA,Fresno County,42.5
93225,Frazier Park,CA,Kern County,32.5
95019,Freedom,CA,Santa Cruz County,42.5
94536,Fremont,CA,Alameda County,42.5
94537,Fremont,CA,Alameda County,42.5
94538,Fremont,CA,Alameda County,42.5
94539,Fremont,CA,Alameda County,42.5
94555,Fremont,CA,Alameda County,42.5
95231,French Camp,CA,San Joaquin County,42.5
96033,French Gulch,CA,Shasta County,42.5
93650,Fresno,CA,Fresno County,42.5
93701,Fresno,CA,Fresno County,42.5
93702,Fresno,CA,Fresno County,42.5
93703,Fresno,CA,Fresno County,42.5
93704,Fresno,CA,Fresno County,42.5
93705,Fresno,CA,Fresno County,42.5
93706,Fresno,CA,Fresno County,42.5
93707,Fresno,CA,Fresno County,42.5
93708,Fresno,CA,Fresno County,42.5
93709,Fresno,CA,Fresno County,42.5
93710,Fresno,CA,Fresno County,42.5
93711,Fresno,CA,Fresno County,42.5
93712,Fresno,CA,Fresno County,42.5
93714,Fresno,CA,Fresno County,42.5
93715,Fresno,CA,Fresno County,42.5
93716,Fresno,CA,Fresno County,42.5
93717,Fresno,CA,Fresno County,42.5
93718,Fresno,CA,Fresno County,42.5
93720,Fresno,CA,Fresno County,42.5
93721,Fresno,CA,Fresno County,42.5
93722,Fresno,CA,Fresno County,42.5
93723,Fresno,CA,Fresno County,42.5
93724,Fresno,CA,Fresno County,42.5
93725,Fresno,CA,Fresno County,42.5
93726,Fresno,CA,Fresno County,42.5
93727,Fresno,CA,Fresno County,42.5
93728,Fresno,CA,Fresno County,42.5
93729,Fresno,CA,Fresno County,42.5
93730,Fresno,CA,Fresno County,42.5
93737,Fresno,CA,Fresno County,42.5
93740,Fresno,CA,Fresno County,42.5
93741,Fresno,CA,Fresno County,42.5
93744,Fresno,CA,Fresno County,42.5
93745,Fresno,CA,Fresno County,42.5
93747,Fresno,CA,Fresno County,42.5
93750,Fresno,CA,Fresno County,42.5
93755,Fresno,CA,Fresno County,42.5
93760,Fresno,CA,Fresno County,42.5
93761,Fresno,CA,Fresno County,42.5
93764,Fresno,CA,Fresno County,42.5
93765,Fresno,CA,Fresno County,42.5
93771,Fresno,CA,Fresno County,42.5
93772,Fresno,CA,Fresno County,42.5
93773,Fresno,CA,Fresno County,42.5
93774,Fresno,CA,Fresno County,42.5
93775,Fresno,CA,Fresno County,42.5
93776,Fresno,CA,Fresno County,42.5
93777,Fresno,CA,Fresno County,42.5
93778,Fresno,CA,Fresno County,42.5
93779,Fresno,CA,Fresno County,42.5
93786,Fresno,CA,Fresno County,42.5
93790,Fresno,CA,Fresno County,42.5
93791,Fresno,CA,Fresno County,42.5
93792,Fresno,CA,Fresno County,42.5
93793,Fresno,CA,Fresno County,42.5
93794,Fresno,CA,Fresno County,42.5
93844,Fresno,CA,Fresno County,42.5
93888,Fresno,CA,Fresno County,42.5
93626,Friant,CA,Fresno County,42.5
92831,Fullerton,CA,Orange County,42.5
92832,Fullerton,CA,Orange County,42.5
92833,Fullerton,CA,Orange County,42.5
92834,Fullerton,CA,Orange County,42.5
92835,Fullerton,CA,Orange County,42.5
92836,Fullerton,CA,Orange County,42.5
92837,Fullerton,CA,Orange County,42.5
92838,Fullerton,CA,Orange County,42.5
95439,Fulton,CA,Sonoma County,42.5
95632,Galt,CA,Sacramento County,42.5
95542,Garberville,CA,Humboldt County,42.5
92840,Garden Grove,CA,Orange County,42.5
92841,Garden Grove,CA,Orange County,42.5
92842,Garden Grove,CA,Orange County,42.5
92843,Garden Grove,CA,Orange County,42.5
92844,Garden Grove,CA,Orange County,42.5
92845,Garden Grove,CA,Orange County,42.5
92846,Garden Grove,CA,Orange County,42.5
95633,Garden Valley,CA,El Dorado County,42.5
90247,Gardena,CA,Los Angeles County,42.5
90248,Gardena,CA,Los Angeles County,42.5
90249,Gardena,CA,Los Angeles County,42.5
95543,Gasquet,CA,Del Norte County,42.5
96034,Gazelle,CA,Siskiyou County,42.5
95634,Georgetown,CA,El Dorado County,42.5
96035,Gerber,CA,Tehama County,42.5
95441,Geyserville,CA,Sonoma County,42.5
95020,Gilroy,CA,Santa Clara County,42.5
95021,Gilroy,CA,Santa Clara County,42.5
95442,Glen Ellen,CA,Sonoma County,42.5
95232,Glencoe,CA,Calaveras County,32.5
91201,Glendale,CA,Los Angeles County,42.5
91202,Glendale,CA,Los Angeles County,42.5
91203,Glendale,CA,Los Angeles County,42.5
91204,Glendale,CA,Los Angeles County,42.5
91205,Glendale,CA,Los Angeles County,42.5
91206,Glendale,CA,Los Angeles County,42.5
91207,Glendale,CA,Los Angeles County,42.5
91208,Glendale,CA,Los Angeles County,42.5
91209,Glendale,CA,Los Angeles County,42.5
91210,Glendale,CA,Los Angeles County,42.5
91221,Glendale,CA,Los Angeles County,42.5
91222,Glendale,CA,Los Angeles County,42.5
91225,Glendale,CA,Los Angeles County,42.5
91226,Glendale,CA,Los Angeles County,42.5
91740,Glendora,CA,Los Angeles County,42.5
91741,Glendora,CA,Los Angeles County,42.5
95443,Glenhaven,CA,Lake County,42.5
95943,Glenn,CA,Glenn County,42.5
93226,Glennville,CA,Kern County,42.5
95717,Gold Run,CA,Placer County,32.5
93116,Goleta,CA,Santa Barbara County,42.5
93117,Goleta,CA,Santa Barbara County,42.5
93118,Goleta,CA,Santa Barbara County,42.5
93199,Goleta,CA,Santa Barbara County,42.5
93926,Gonzales,CA,Monterey County,42.5
93227,Goshen,CA,Tulare County,42.5
91344,Granada Hills,CA,Los Angeles County,42.5
91394,Granada Hills,CA,Los Angeles County,42.5
92313,Grand Terrace,CA,San Bernardino County,42.5
95746,Granite Bay,CA,Placer County,42.5
95945,Grass Valley,CA,Nevada County,42.5
95949,Grass Valley,CA,Nevada County,42.5
95444,Graton,CA,Sonoma County,42.5
92341,Green Valley Lake,CA,San Bernardino County,42.5
94904,Greenbrae,CA,Marin County,42.5
93927,Greenfield,CA,Monterey County,42.5
96037,Greenview,CA,Siskiyou County,42.5
95947,Greenville,CA,Plumas County,42.5
95635,Greenwood,CA,El Dorado County,42.5
96038,Grenada,CA,Siskiyou County,42.5
95948,Gridley,CA,Butte County,42.5
95950,Grimes,CA,Colusa County,42.5
95636,Grizzly Flats,CA,El Dorado County,42.5
95321,Groveland,CA,Tuolumne County,42.5
93433,Grover Beach,CA,San Luis Obispo County,32.5
93483,Grover Beach,CA,San Luis Obispo County,32.5
93434,Guadalupe,CA,Santa Barbara County,32.5
95445,Gualala,CA,Mendocino County,42.5
91743,Guasti,CA,San Bernardino County,42.5
91931,Guatay,CA,San Diego County,32.5
95446,Guerneville,CA,Sonoma County,42.5
95637,Guinda,CA,Yolo County,42.5
95322,Gustine,CA,Merced County,42.5
91745,Hacienda Heights,CA,Los Angeles County,42.5
94019,Half Moon Bay,CA,San Mateo County,42.5
95951,Hamilton City,CA,Glenn County,42.5
93230,Hanford,CA,Kings County,42.5
93232,Hanford,CA,Kings County,42.5
96039,Happy Camp,CA,Siskiyou County,42.5
90710,Harbor City,CA,Los Angeles County,42.5
93435,Harmony,CA,San Luis Obispo County,32.5
96040,Hat Creek,CA,Shasta County,42.5
90716,Hawaiian Gardens,CA,Los Angeles County,42.5
90250,Hawthorne,CA,Los Angeles County,42.5
90251,Hawthorne,CA,Los Angeles County,42.5
96041,Hayfork,CA,Trinity County,42.5
94540,Hayward,CA,Alameda County,42.5
94541,Hayward,CA,Alameda County,42.5
94542,Hayward,CA,Alameda County,42.5
94543,Hayward,CA,Alameda County,42.5
94544,Hayward,CA,Alameda County,42.5
94545,Hayward,CA,Alameda County,42.5
94557,Hayward,CA,Alameda County,42.5
95448,Healdsburg,CA,Sonoma County,42.5
92249,Heber,CA,Imperial County,32.5
92342,Helendale,CA,San Bernardino County,42.5
93627,Helm,CA,Fresno County,42.5
92543,Hemet,CA,Riverside County,42.5
92544,Hemet,CA,Riverside County,42.5
92545,Hemet,CA,Riverside County,42.5
92546,Hemet,CA,Riverside County,42.5
95638,Herald,CA,Sacramento County,42.5
94547,Hercules,CA,Contra Costa County,42.5
96113,Herlong,CA,Lassen County,42.5
90254,Hermosa Beach,CA,Los Angeles County,42.5
92340,Hesperia,CA,San Bernardino County,42.5
92344,Hesperia,CA,San Bernardino County,42.5
92345,Hesperia,CA,San Bernardino County,42.5
95323,Hickman,CA,Stanislaus County,42.5
95467,Hidden Valley Lake,CA,Lake County,42.5
92346,Highland,CA,San Bernardino County,42.5
95324,Hilmar,CA,Merced County,42.5
92347,Hinkley,CA,San Bernardino County,42.5
95023,Hollister,CA,San Benito County,42.5
95024,Hollister,CA,San Benito County,42.5
95234,Holt,CA,San Joaquin County,32.5
92250,Holtville,CA,Imperial County,32.5
95026,Holy City,CA,Santa Clara County,32.5
92548,Homeland,CA,Riverside County,42.5
96141,Homewood,CA,Placer County,42.5
95545,Honeydew,CA,Humboldt County,42.5
95639,Hood,CA,Sacramento County,42.5
95546,Hoopa,CA,Humboldt County,42.5
95449,Hopland,CA,Mendocino County,42.5
96044,Hornbrook,CA,Siskiyou County,42.5
95325,Hornitos,CA,Mariposa County,42.5
95326,Hughson,CA,Stanislaus County,42.5
93628,Hume,CA,Fresno County,42.5
92605,Huntington Beach,CA,Orange County,42.5
92615,Huntington Beach,CA,Orange County,42.5
92646,Huntington Beach,CA,Orange County,42.5
92647,Huntington Beach,CA,Orange County,42.5
92648,Huntington Beach,CA,Orange County,42.5
92649,Huntington Beach,CA,Orange County,42.5
90255,Huntington Park,CA,Los Angeles County,42.5
93234,Huron,CA,Fresno County,42.5
96046,Hyampom,CA,Trinity County,42.5
95547,Hydesville,CA,Humboldt County,42.5
92549,Idyllwild,CA,Riverside County,42.5
96047,Igo,CA,Shasta County,42.5
92251,Imperial,CA,Imperial County,32.5
91932,Imperial Beach,CA,San Diego County,42.5
91933,Imperial Beach,CA,San Diego County,42.5
93526,Independence,CA,Inyo County,32.5
92210,Indian Wells,CA,Riverside County,42.5
92201,Indio,CA,Riverside County,42.5
92202,Indio,CA,Riverside County,42.5
92203,Indio,CA,Riverside County,42.5
90301,Inglewood,CA,Los Angeles County,42.5
90302,Inglewood,CA,Los Angeles County,42.5
90303,Inglewood,CA,Los Angeles County,42.5
90304,Inglewood,CA,Los Angeles County,42.5
90305,Inglewood,CA,Los Angeles County,42.5
90306,Inglewood,CA,Los Angeles County,42.5
90307,Inglewood,CA,Los Angeles County,42.5
90308,Inglewood,CA,Los Angeles County,42.5
90309,Inglewood,CA,Los Angeles County,42.5
90310,Inglewood,CA,Los Angeles County,42.5
90311,Inglewood,CA,Los Angeles County,42.5
90312,Inglewood,CA,Los Angeles County,42.5
94937,Inverness,CA,Marin County,42.5
93527,Inyokern,CA,Kern County,32.5
95640,Ione,CA,Amador County,42.5
92602,Irvine,CA,Orange County,42.5
92603,Irvine,CA,Orange County,42.5
92604,Irvine,CA,Orange County,42.5
92606,Irvine,CA,Orange County,42.5
92612,Irvine,CA,Orange County,42.5
92614,Irvine,CA,Orange County,42.5
92616,Irvine,CA,Orange County,42.5
92617,Irvine,CA,Orange County,42.5
92618,Irvine,CA,Orange County,42.5
92619,Irvine,CA,Orange County,42.5
92620,Irvine,CA,Orange County,42.5
92623,Irvine,CA,Orange County,42.5
92697,Irvine,CA,Orange County,42.5
92710,Irvine,CA,Orange County,42.5
95641,Isleton,CA,Sacramento County,42.5
93235,Ivanhoe,CA,Tulare County,42.5
95642,Jackson,CA,Amador County,42.5
91934,Jacumba,CA,San Diego County,42.5
95327,Jamestown,CA,Tuolumne County,42.5
91935,Jamul,CA,San Diego County,42.5
96114,Janesville,CA,Lassen County,42.5
95450,Jenner,CA,Sonoma County,42.5
93528,Johannesburg,CA,Kern County,32.5
92252,Joshua Tree,CA,San Bernardino County,42.5
92036,Julian,CA,San Diego County,42.5
96048,Junction City,CA,Trinity County,42.5
93529,June Lake,CA,Mono County,32.5
92509,Jurupa Valley,CA,Riverside County,42.5
93237,Kaweah,CA,Tulare County,42.5
93530,Keeler,CA,Inyo County,32.5
93531,Keene,CA,Kern County,42.5
95451,Kelseyville,CA,Lake County,42.5
94914,Kentfield,CA,Marin County,42.5
95452,Kenwood,CA,Sonoma County,42.5
93630,Kerman,CA,Fresno County,42.5
93238,Kernville,CA,Kern County,32.5
93239,Kettleman City,CA,Kings County,42.5
95328,Keyes,CA,Stanislaus County,42.5
93930,King City,CA,Monterey County,42.5
96143,Kings Beach,CA,Placer County,42.5
93633,Kings Canyon National Pk,CA,Tulare County,42.5
93631,Kingsburg,CA,Fresno County,42.5
95646,Kirkwood,CA,Alpine County,42.5
95644,Kit Carson,CA,El Dorado County,32.5
95548,Klamath,CA,Del Norte County,42.5
96050,Klamath River,CA,Siskiyou County,42.5
95549,Kneeland,CA,Humboldt County,42.5
95645,Knights Landing,CA,Yolo County,42.5
94548,Knightsen,CA,Contra Costa County,42.5
95550,Korbel,CA,Humboldt County,42.5
95720,Kyburz,CA,El Dorado County,42.5
91011,La Canada Flintridge,CA,Los Angeles County,42.5
91012,La Canada Flintridge,CA,Los Angeles County,42.5
91214,La Crescenta,CA,Los Angeles County,42.5
91224,La Crescenta,CA,Los Angeles County,42.5
95329,La Grange,CA,Tuolumne County,42.5
90631,La Habra,CA,Orange County,42.5
90632,La Habra,CA,Orange County,42.5
90633,La Habra,CA,Orange County,42.5
94020,La Honda,CA,San Mateo County,42.5
92037,La Jolla,CA,San Diego County,42.5
92038,La Jolla,CA,San Diego County,42.5
92039,La Jolla,CA,San Diego County,42.5
92092,La Jolla,CA,San Diego County,42.5
92093,La Jolla,CA,San Diego County,42.5
91941,La Mesa,CA,San Diego County,42.5
91942,La Mesa,CA,San Diego County,42.5
91943,La Mesa,CA,San Diego County,42.5
91944,La Mesa,CA,San Diego County,42.5
90637,La Mirada,CA,Los Angeles County,42.5
90638,La Mirada,CA,Los Angeles County,42.5
90639,La Mirada,CA,Los Angeles County,42.5
90623,La Palma,CA,Orange County,42.5
91744,La Puente,CA,Los Angeles County,42.5
91746,La Puente,CA,Los Angeles County,42.5
91747,La Puente,CA,Los Angeles County,42.5
91749,La Puente,CA,Los Angeles County,42.5
92247,La Quinta,CA,Riverside County,42.5
92248,La Quinta,CA,Riverside County,42.5
92253,La Quinta,CA,Riverside County,42.5
91750,La Verne,CA,Los Angeles County,42.5
92694,Ladera Ranch,CA,Orange County,42.5
94549,Lafayette,CA,Contra Costa County,42.5
92651,Laguna Beach,CA,Orange County,42.5
92652,Laguna Beach,CA,Orange County,42.5
92653,Laguna Hills,CA,Orange County,42.5
92654,Laguna Hills,CA,Orange County,42.5
92607,Laguna Niguel,CA,Orange County,42.5
92677,Laguna Niguel,CA,Orange County,42.5
92637,Laguna Woods,CA,Orange County,42.5
94938,Lagunitas,CA,Marin County,42.5
92352,Lake Arrowhead,CA,San Bernardino County,42.5
96115,Lake City,CA,Modoc County,42.5
92530,Lake Elsinore,CA,Riverside County,42.5
92531,Lake Elsinore,CA,Riverside County,42.5
92532,Lake Elsinore,CA,Riverside County,42.5
92630,Lake Forest,CA,Orange County,42.5
93532,Lake Hughes,CA,Los Angeles County,42.5
93240,Lake Isabella,CA,Kern County,42.5
96051,Lakehead,CA,Shasta County,42.5
95453,Lakeport,CA,Lake County,42.5
93634,Lakeshore,CA,Fresno County,42.5
92040,Lakeside,CA,San Diego County,42.5
90711,Lakewood,CA,Los Angeles County,42.5
90712,Lakewood,CA,Los Angeles County,42.5
90713,Lakewood,CA,Los Angeles County,42.5
90714,Lakewood,CA,Los Angeles County,42.5
90715,Lakewood,CA,Los Angeles County,42.5
93241,Lamont,CA,Kern County,42.5
93534,Lancaster,CA,Los Angeles County,42.5
93535,Lancaster,CA,Los Angeles County,42.5
93536,Lancaster,CA,Los Angeles County,42.5
93539,Lancaster,CA,Los Angeles County,42.5
93584,Lancaster,CA,Los Angeles County,42.5
93586,Lancaster,CA,Los Angeles County,42.5
92285,Landers,CA,San Bernardino County,42.5
94939,Larkspur,CA,Marin County,42.5
94977,Larkspur,CA,Marin County,42.5
95330,Lathrop,CA,San Joaquin County,42.5
93242,Laton,CA,Fresno County,42.5
90260,Lawndale,CA,Los Angeles County,42.5
90261,Lawndale,CA,Los Angeles County,42.5
95454,Laytonville,CA,Mendocino County,42.5
95333,Le Grand,CA,Merced County,42.5
93243,Lebec,CA,Kern County,32.5
93541,Lee Vining,CA,Mono County,32.5
95585,Leggett,CA,Mendocino County,42.5
93244,Lemon Cove,CA,Tulare County,42.5
91945,Lemon Grove,CA,San Diego County,42.5
91946,Lemon Grove,CA,San Diego County,42.5
93245,Lemoore,CA,Kings County,42.5
93246,Lemoore,CA,Kings County,42.5
96052,Lewiston,CA,Trinity County,42.5
96116,Likely,CA,Modoc County,42.5
95648,Lincoln,CA,Placer County,42.5
91947,Lincoln Acres,CA,San Diego County,32.5
95236,Linden,CA,San Joaquin County,42.5
93247,Lindsay,CA,Tulare County,42.5
96117,Litchfield,CA,Lassen County,42.5
95456,Little River,CA,Mendocino County,42.5
93543,Littlerock,CA,Los Angeles County,42.5
95953,Live Oak,CA,Sutter County,42.5
94550,Livermore,CA,Alameda County,42.5
94551,Livermore,CA,Alameda County,42.5
95334,Livingston,CA,Merced County,42.5
93544,Llano,CA,Los Angeles County,42.5
95237,Lockeford,CA,San Joaquin County,42.5
93932,Lockwood,CA,Monterey County,42.5
95240,Lodi,CA,San Joaquin County,42.5
95241,Lodi,CA,San Joaquin County,42.5
95242,Lodi,CA,San Joaquin County,42.5
95551,Loleta,CA,Humboldt County,42.5
92350,Loma Linda,CA,San Bernardino County,42.5
92354,Loma Linda,CA,San Bernardino County,42.5
92357,Loma Linda,CA,San Bernardino County,42.5
94021,Loma Mar,CA,San Mateo County,42.5
90717,Lomita,CA,Los Angeles County,42.5
93436,Lompoc,CA,Santa Barbara County,32.5
93437,Lompoc,CA,Santa Barbara County,32.5
93438,Lompoc,CA,Santa Barbara County,32.5
93545,Lone Pine,CA,Inyo County,32.5
95335,Long Barn,CA,Tuolumne County,42.5
90801,Long Beach,CA,Los Angeles County,42.5
90802,Long Beach,CA,Los Angeles County,42.5
90803,Long Beach,CA,Los Angeles County,42.5
90804,Long Beach,CA,Los Angeles County,42.5
90805,Long Beach,CA,Los Angeles County,42.5
90806,Long Beach,CA,Los Angeles County,42.5
90807,Long Beach,CA,Los Angeles County,42.5
90808,Long Beach,CA,Los Angeles County,42.5
90809,Long Beach,CA,Los Angeles County,42.5
90810,Long Beach,CA,Los Angeles County,42.5
90813,Long Beach,CA,Los Angeles County,42.5
90814,Long Beach,CA,Los Angeles County,42.5
90815,Long Beach,CA,Los Angeles County,42.5
90822,Long Beach,CA,Los Angeles County,42.5
90831,Long Beach,CA,Los Angeles County,42.5
90832,Long Beach,CA,Los Angeles County,42.5
90833,Long Beach,CA,Los Angeles County,42.5
90834,Long Beach,CA,Los Angeles County,42.5
90835,Long Beach,CA,Los Angeles County,42.5
90840,Long Beach,CA,Los Angeles County,42.5
90842,Long Beach,CA,Los Angeles County,42.5
90844,Long Beach,CA,Los Angeles County,42.5
90846,Long Beach,CA,Los Angeles County,42.5
90847,Long Beach,CA,Los Angeles County,42.5
90848,Long Beach,CA,Los Angeles County,42.5
90853,Long Beach,CA,Los Angeles County,42.5
90899,Long Beach,CA,Los Angeles County,32.5
96054,Lookout,CA,Modoc County,42.5
95650,Loomis,CA,Placer County,42.5
90720,Los Alamitos,CA,Orange County,42.5
90721,Los Alamitos,CA,Orange County,42.5
93440,Los Alamos,CA,Santa Barbara County,32.5
94022,Los Altos,CA,Santa Clara County,42.5
94023,Los Altos,CA,Santa Clara County,32.5
94024,Los Altos,CA,Santa Clara County,42.5
90001,Los Angeles,CA,Los Angeles County,42.5
90002,Los Angeles,CA,Los Angeles County,42.5
90003,Los Angeles,CA,Los Angeles County,42.5
90004,Los Angeles,CA,Los Angeles County,42.5
90005,Los Angeles,CA,Los Angeles County,42.5
90006,Los Angeles,CA,Los Angeles County,42.5
90007,Los Angeles,CA,Los Angeles County,42.5
90008,Los Angeles,CA,Los Angeles County,42.5
90009,Los Angeles,CA,Los Angeles County,42.5
90010,Los Angeles,CA,Los Angeles County,42.5
90011,Los Angeles,CA,Los Angeles County,42.5
90012,Los Angeles,CA,Los Angeles County,42.5
90013,Los Angeles,CA,Los Angeles County,42.5
90014,Los Angeles,CA,Los Angeles County,42.5
90015,Los Angeles,CA,Los Angeles County,42.5
90016,Los Angeles,CA,Los Angeles County,42.5
90017,Los Angeles,CA,Los Angeles County,42.5
90018,Los Angeles,CA,Los Angeles County,42.5
90019,Los Angeles,CA,Los Angeles County,42.5
90020,Los Angeles,CA,Los Angeles County,42.5
90021,Los Angeles,CA,Los Angeles County,42.5
90022,Los Angeles,CA,Los Angeles County,42.5
90023,Los Angeles,CA,Los Angeles County,42.5
90024,Los Angeles,CA,Los Angeles County,42.5
90025,Los Angeles,CA,Los Angeles County,42.5
90026,Los Angeles,CA,Los Angeles County,42.5
90027,Los Angeles,CA,Los Angeles County,42.5
90028,Los Angeles,CA,Los Angeles County,42.5
90029,Los Angeles,CA,Los Angeles County,42.5
90030,Los Angeles,CA,Los Angeles County,42.5
90031,Los Angeles,CA,Los Angeles County,42.5
90032,Los Angeles,CA,Los Angeles County,42.5
90033,Los Angeles,CA,Los Angeles County,42.5
90034,Los Angeles,CA,Los Angeles County,42.5
90035,Los Angeles,CA,Los Angeles County,42.5
90036,Los Angeles,CA,Los Angeles County,42.5
90037,Los Angeles,CA,Los Angeles County,42.5
90038,Los Angeles,CA,Los Angeles County,42.5
90039,Los Angeles,CA,Los Angeles County,42.5
90040,Los Angeles,CA,Los Angeles County,42.5
90041,Los Angeles,CA,Los Angeles County,42.5
90042,Los Angeles,CA,Los Angeles County,42.5
90043,Los Angeles,CA,Los Angeles County,42.5
90044,Los Angeles,CA,Los Angeles County,42.5
90045,Los Angeles,CA,Los Angeles County,42.5
90046,Los Angeles,CA,Los Angeles County,42.5
90047,Los Angeles,CA,Los Angeles County,42.5
90048,Los Angeles,CA,Los Angeles County,42.5
90049,Los Angeles,CA,Los Angeles County,42.5
90050,Los Angeles,CA,Los Angeles County,42.5
90051,Los Angeles,CA,Los Angeles County,42.5
90052,Los Angeles,CA,Los Angeles County,42.5
90053,Los Angeles,CA,Los Angeles County,42.5
90054,Los Angeles,CA,Los Angeles County,42.5
90055,Los Angeles,CA,Los Angeles County,42.5
90056,Los Angeles,CA,Los Angeles County,42.5
90057,Los Angeles,CA,Los Angeles County,42.5
90058,Los Angeles,CA,Los Angeles County,42.5
90059,Los Angeles,CA,Los Angeles County,42.5
90060,Los Angeles,CA,Los Angeles County,42.5
90061,Los Angeles,CA,Los Angeles County,42.5
90062,Los Angeles,CA,Los Angeles County,42.5
90063,Los Angeles,CA,Los Angeles County,42.5
90064,Los Angeles,CA,Los Angeles County,42.5
90065,Los Angeles,CA,Los Angeles County,42.5
90066,Los Angeles,CA,Los Angeles County,42.5
90067,Los Angeles,CA,Los Angeles County,42.5
90068,Los Angeles,CA,Los Angeles County,42.5
90070,Los Angeles,CA,Los Angeles County,42.5
90071,Los Angeles,CA,Los Angeles County,42.5
90072,Los Angeles,CA,Los Angeles County,42.5
90073,Los Angeles,CA,Los Angeles County,42.5
90074,Los Angeles,CA,Los Angeles County,42.5
90075,Los Angeles,CA,Los Angeles County,42.5
90076,Los Angeles,CA,Los Angeles County,42.5
90077,Los Angeles,CA,Los Angeles County,42.5
90078,Los Angeles,CA,Los Angeles County,42.5
90079,Los Angeles,CA,Los Angeles County,42.5
90080,Los Angeles,CA,Los Angeles County,42.5
90081,Los Angeles,CA,Los Angeles County,42.5
90082,Los Angeles,CA,Los Angeles County,42.5
90083,Los Angeles,CA,Los Angeles County,42.5
90084,Los Angeles,CA,Los Angeles County,42.5
90086,Los Angeles,CA,Los Angeles County,42.5
90087,Los Angeles,CA,Los Angeles County,42.5
90088,Los Angeles,CA,Los Angeles County,42.5
90089,Los Angeles,CA,Los Angeles County,42.5
90091,Los Angeles,CA,Los Angeles County,42.5
90093,Los Angeles,CA,Los Angeles County,42.5
90095,Los Angeles,CA,Los Angeles County,42.5
90096,Los Angeles,CA,Los Angeles County,42.5
90099,Los Angeles,CA,Los Angeles County,42.5
90101,Los Angeles,CA,Los Angeles County,42.5
90189,Los Angeles,CA,Los Angeles County,42.5
93635,Los Banos,CA,Merced County,42.5
95030,Los Gatos,CA,Santa Clara County,42.5
95031,Los Gatos,CA,Santa Clara County,32.5
95032,Los Gatos,CA,Santa Clara County,42.5
95033,Los Gatos,CA,Santa Cruz County,42.5
96055,Los Molinos,CA,Tehama County,42.5
93441,Los Olivos,CA,Santa Barbara County,32.5
93402,Los Osos,CA,San Luis Obispo County,32.5
93249,Lost Hills,CA,Kern County,42.5
95651,Lotus,CA,El Dorado County,42.5
95457,Lower Lake,CA,Lake County,42.5
96118,Loyalton,CA,Sierra County,42.5
95458,Lucerne,CA,Lake County,42.5
92356,Lucerne Valley,CA,San Bernardino County,42.5
92338,Ludlow,CA,San Bernardino County,42.5
90262,Lynwood,CA,Los Angeles County,42.5
92358,Lytle Creek,CA,San Bernardino County,42.5
96058,Macdoel,CA,Siskiyou County,42.5
95552,Mad River,CA,Trinity County,42.5
93636,Madera,CA,Madera County,42.5
93637,Madera,CA,Madera County,42.5
93638,Madera,CA,Madera County,42.5
93639,Madera,CA,Madera County,42.5
95653,Madison,CA,Yolo County,42.5
95954,Magalia,CA,Butte County,42.5
90263,Malibu,CA,Los Angeles County,42.5
90264,Malibu,CA,Los Angeles County,42.5
90265,Malibu,CA,Los Angeles County,42.5
93546,Mammoth Lakes,CA,Mono County,32.5
95459,Manchester,CA,Mendocino County,42.5
90266,Manhattan Beach,CA,Los Angeles County,42.5
90267,Manhattan Beach,CA,Los Angeles County,42.5
95336,Manteca,CA,San Joaquin County,42.5
95337,Manteca,CA,San Joaquin County,42.5
96059,Manton,CA,Tehama County,42.5
92518,March Air Reserve Base,CA,Riverside County,42.5
93252,Maricopa,CA,Kern County,32.5
93933,Marina,CA,Monterey County,42.5
90292,Marina Del Rey,CA,Los Angeles County,42.5
90295,Marina Del Rey,CA,Los Angeles County,42.5
95338,Mariposa,CA,Mariposa County,42.5
96120,Markleeville,CA,Alpine County,32.5
94940,Marshall,CA,Marin County,42.5
95654,Martell,CA,Amador County,32.5
94553,Martinez,CA,Contra Costa County,42.5
95901,Marysville,CA,Yuba County,42.5
95655,Mather,CA,Sacramento County,42.5
95955,Maxwell,CA,Colusa County,42.5
90270,Maywood,CA,Los Angeles County,42.5
93250,McFarland,CA,Kern County,42.5
93251,McKittrick,CA,Kern County,42.5
96056,Mcarthur,CA,Shasta County,42.5
95652,Mcclellan,CA,Sacramento County,42.5
96057,Mccloud,CA,Siskiyou County,42.5
95519,Mckinleyville,CA,Humboldt County,42.5
95956,Meadow Valley,CA,Plumas County,42.5
95722,Meadow Vista,CA,Placer County,42.5
92254,Mecca,CA,Riverside County,42.5
95460,Mendocino,CA,Mendocino County,42.5
93640,Mendota,CA,Fresno County,42.5
92584,Menifee,CA,Riverside County,42.5
92585,Menifee,CA,Riverside County,42.5
92586,Menifee,CA,Riverside County,42.5
92587,Menifee,CA,Riverside County,42.5
94025,Menlo Park,CA,San Mateo County,42.5
94026,Menlo Park,CA,San Mateo County,32.5
92359,Mentone,CA,San Bernardino County,42.5
95340,Merced,CA,Merced County,42.5
95341,Merced,CA,Merced County,42.5
95343,Merced,CA,Merced County,42.5
95344,Merced,CA,Merced County,42.5
95348,Merced,CA,Merced County,42.5
95957,Meridian,CA,Sutter County,42.5
95346,Mi Wuk Village,CA,Tuolumne County,42.5
95461,Middletown,CA,Lake County,42.5
95345,Midpines,CA,Mariposa County,42.5
92655,Midway City,CA,Orange County,42.5
96121,Milford,CA,Lassen County,42.5
96061,Mill Creek,CA,Tehama County,42.5
94941,Mill Valley,CA,Marin County,42.5
94942,Mill Valley,CA,Marin County,42.5
94030,Millbrae,CA,San Mateo County,42.5
96062,Millville,CA,Shasta County,42.5
95035,Milpitas,CA,Santa Clara County,42.5
95036,Milpitas,CA,Santa Clara County,32.5
96063,Mineral,CA,Tehama County,42.5
91752,Mira Loma,CA,Riverside County,42.5
93641,Miramonte,CA,Fresno County,42.5
95553,Miranda,CA,Humboldt County,42.5
91345,Mission Hills,CA,Los Angeles County,42.5
91346,Mission Hills,CA,Los Angeles County,42.5
91395,Mission Hills,CA,Los Angeles County,42.5
92690,Mission Viejo,CA,Orange County,42.5
92691,Mission Viejo,CA,Orange County,42.5
92692,Mission Viejo,CA,Orange County,42.5
95347,Moccasin,CA,Tuolumne County,42.5
95350,Modesto,CA,Stanislaus County,42.5
95351,Modesto,CA,Stanislaus County,42.5
95352,Modesto,CA,Stanislaus County,32.5
95353,Modesto,CA,Stanislaus County,42.5
95354,Modesto,CA,Stanislaus County,42.5
95355,Modesto,CA,Stanislaus County,42.5
95356,Modesto,CA,Stanislaus County,42.5
95357,Modesto,CA,Stanislaus County,42.5
95358,Modesto,CA,Stanislaus County,42.5
95397,Modesto,CA,Stanislaus County,42.5
93501,Mojave,CA,Kern County,42.5
93502,Mojave,CA,Kern County,42.5
95245,Mokelumne Hill,CA,Calaveras County,32.5
93642,Mono Hot Springs,CA,Fresno County,42.5
91016,Monrovia,CA,Los Angeles County,42.5
91017,Monrovia,CA,Los Angeles County,42.5
96064,Montague,CA,Siskiyou County,42.5
94037,Montara,CA,San Mateo County,42.5
91763,Montclair,CA,San Bernardino County,42.5
95462,Monte Rio,CA,Sonoma County,42.5
90640,Montebello,CA,Los Angeles County,42.5
93940,Monterey,CA,Monterey County,42.5
93942,Monterey,CA,Monterey County,32.5
93943,Monterey,CA,Monterey County,42.5
93944,Monterey,CA,Monterey County,42.5
91754,Monterey Park,CA,Los Angeles County,42.5
91755,Monterey Park,CA,Los Angeles County,42.5
91756,Monterey Park,CA,Los Angeles County,42.5
96065,Montgomery Creek,CA,Shasta County,42.5
91020,Montrose,CA,Los Angeles County,42.5
91021,Montrose,CA,Los Angeles County,42.5
93020,Moorpark,CA,Ventura County,42.5
93021,Moorpark,CA,Ventura County,42.5
94556,Moraga,CA,Contra Costa County,42.5
94570,Moraga,CA,Contra Costa County,42.5
94575,Moraga,CA,Contra Costa County,42.5
92551,Moreno Valley,CA,Riverside County,42.5
92552,Moreno Valley,CA,Riverside County,42.5
92553,Moreno Valley,CA,Riverside County,42.5
92554,Moreno Valley,CA,Riverside County,42.5
92555,Moreno Valley,CA,Riverside County,42.5
92556,Moreno Valley,CA,Riverside County,42.5
92557,Moreno Valley,CA,Riverside County,42.5
95037,Morgan Hill,CA,Santa Clara County,42.5
95038,Morgan Hill,CA,Santa Clara County,32.5
92256,Morongo Valley,CA,San Bernardino County,42.5
93442,Morro Bay,CA,San Luis Obispo County,32.5
94038,Moss Beach,CA,San Mateo County,42.5
95039,Moss Landing,CA,Monterey County,42.5
95656,Mount Aukum,CA,El Dorado County,32.5
95140,Mount Hamilton,CA,Santa Clara County,42.5
91948,Mount Laguna,CA,San Diego County,32.5
96067,Mount Shasta,CA,Siskiyou County,42.5
91023,Mount Wilson,CA,Los Angeles County,42.5
92561,Mountain Center,CA,Riverside County,42.5
92366,Mountain Pass,CA,San Bernardino County,42.5
95246,Mountain Ranch,CA,Calaveras County,42.5
94035,Mountain View,CA,Santa Clara County,42.5
94039,Mountain View,CA,Santa Clara County,42.5
94040,Mountain View,CA,Santa Clara County,42.5
94041,Mountain View,CA,Santa Clara County,42.5
94042,Mountain View,CA,Santa Clara County,42.5
94043,Mountain View,CA,Santa Clara County,42.5
91759,Mt Baldy,CA,San Bernardino County,42.5
95247,Murphys,CA,Calaveras County,42.5
92562,Murrieta,CA,Riverside County,42.5
92563,Murrieta,CA,Riverside County,42.5
92564,Murrieta,CA,Riverside County,42.5
95554,Myers Flat,CA,Humboldt County,42.5
94558,Napa,CA,Napa County,42.5
94559,Napa,CA,Napa County,42.5
94581,Napa,CA,Napa County,42.5
91950,National City,CA,San Diego County,42.5
91951,National City,CA,San Diego County,42.5
95463,Navarro,CA,Mendocino County,42.5
92363,Needles,CA,San Bernardino County,32.5
95958,Nelson,CA,Butte County,42.5
95959,Nevada City,CA,Nevada County,42.5
95042,New Almaden,CA,Santa Clara County,32.5
93254,New Cuyama,CA,Santa Barbara County,32.5
94560,Newark,CA,Alameda County,42.5
92365,Newberry Springs,CA,San Bernardino County,42.5
91319,Newbury Park,CA,Ventura County,42.5
91320,Newbury Park,CA,Ventura County,42.5
95658,Newcastle,CA,Placer County,42.5
91321,Newhall,CA,Los Angeles County,42.5
91322,Newhall,CA,Los Angeles County,42.5
95360,Newman,CA,Stanislaus County,42.5
92658,Newport Beach,CA,Orange County,42.5
92659,Newport Beach,CA,Orange County,42.5
92660,Newport Beach,CA,Orange County,42.5
92661,Newport Beach,CA,Orange County,42.5
92662,Newport Beach,CA,Orange County,42.5
92663,Newport Beach,CA,Orange County,42.5
92657,Newport Coast,CA,Orange County,42.5
94946,Nicasio,CA,Marin County,42.5
95464,Nice,CA,Lake County,42.5
95659,Nicolaus,CA,Sutter County,42.5
92257,Niland,CA,Imperial County,32.5
93444,Nipomo,CA,San Luis Obispo County,32.5
92860,Norco,CA,Riverside County,42.5
95724,Norden,CA,Placer County,32.5
93643,North Fork,CA,Madera County,42.5
95660,North Highlands,CA,Sacramento County,42.5
91343,North Hills,CA,Los Angeles County,42.5
91393,North Hills,CA,Los Angeles County,42.5
91601,North Hollywood,CA,Los Angeles County,42.5
91602,North Hollywood,CA,Los Angeles County,42.5
91603,North Hollywood,CA,Los Angeles County,42.5
91605,North Hollywood,CA,Los Angeles County,42.5
91606,North Hollywood,CA,Los Angeles County,42.5
91609,North Hollywood,CA,Los Angeles County,42.5
91611,North Hollywood,CA,Los Angeles County,42.5
91612,North Hollywood,CA,Los Angeles County,42.5
91615,North Hollywood,CA,Los Angeles County,42.5
91616,North Hollywood,CA,Los Angeles County,42.5
91618,North Hollywood,CA,Los Angeles County,42.5
92258,North Palm Springs,CA,Riverside County,42.5
95960,North San Juan,CA,Nevada County,42.5
91324,Northridge,CA,Los Angeles County,42.5
91325,Northridge,CA,Los Angeles County,42.5
91327,Northridge,CA,Los Angeles County,42.5
91328,Northridge,CA,Los Angeles County,42.5
91329,Northridge,CA,Los Angeles County,42.5
91330,Northridge,CA,Los Angeles County,42.5
90650,Norwalk,CA,Los Angeles County,42.5
90651,Norwalk,CA,Los Angeles County,42.5
90652,Norwalk,CA,Los Angeles County,42.5
94945,Novato,CA,Marin County,42.5
94947,Novato,CA,Marin County,42.5
94948,Novato,CA,Marin County,42.5
94949,Novato,CA,Marin County,42.5
94998,Novato,CA,Marin County,42.5
96068,Nubieber,CA,Lassen County,42.5
92567,Nuevo,CA,Riverside County,42.5
93645,O'Neals,CA,Madera County,42.5
91377,Oak Park,CA,Ventura County,42.5
96069,Oak Run,CA,Shasta County,42.5
93022,Oak View,CA,Ventura County,42.5
95361,Oakdale,CA,Stanislaus County,42.5
93644,Oakhurst,CA,Madera County,42.5
94601,Oakland,CA,Alameda County,42.5
94602,Oakland,CA,Alameda County,42.5
94603,Oakland,CA,Alameda County,42.5
94604,Oakland,CA,Alameda County,42.5
94605,Oakland,CA,Alameda County,42.5
94606,Oakland,CA,Alameda County,42.5
94607,Oakland,CA,Alameda County,42.5
94609,Oakland,CA,Alameda County,42.5
94610,Oakland,CA,Alameda County,42.5
94611,Oakland,CA,Alameda County,42.5
94612,Oakland,CA,Alameda County,42.5
94613,Oakland,CA,Alameda County,42.5
94614,Oakland,CA,Alameda County,42.5
94615,Oakland,CA,Alameda County,42.5
94617,Oakland,CA,Alameda County,42.5
94618,Oakland,CA,Alameda County,42.5
94619,Oakland,CA,Alameda County,42.5
94621,Oakland,CA,Alameda County,42.5
94622,Oakland,CA,Alameda County,42.5
94623,Oakland,CA,Alameda County,42.5
94624,Oakland,CA,Alameda County,42.5
94625,Oakland,CA,Alameda County,42.5
94649,Oakland,CA,Alameda County,42.5
94659,Oakland,CA,Alameda County,42.5
94660,Oakland,CA,Alameda County,42.5
94661,Oakland,CA,Alameda County,32.5
94666,Oakland,CA,Alameda County,42.5
94561,Oakley,CA,Contra Costa County,42.5
94562,Oakville,CA,Napa County,42.5
96070,Obrien,CA,Shasta County,42.5
95465,Occidental,CA,Sonoma County,42.5
93445,Oceano,CA,San Luis Obispo County,32.5
92049,Oceanside,CA,San Diego County,42.5
92051,Oceanside,CA,San Diego County,42.5
92052,Oceanside,CA,San Diego County,42.5
92054,Oceanside,CA,San Diego County,42.5
92056,Oceanside,CA,San Diego County,42.5
92057,Oceanside,CA,San Diego County,42.5
92058,Oceanside,CA,San Diego County,42.5
92259,Ocotillo,CA,Imperial County,32.5
93023,Ojai,CA,Ventura County,42.5
93024,Ojai,CA,Ventura County,42.5
93549,Olancha,CA,Inyo County,32.5
96071,Old Station,CA,Shasta County,42.5
94950,Olema,CA,Marin County,42.5
95961,Olivehurst,CA,Yuba County,42.5
96146,Olympic Valley,CA,Placer County,42.5
91758,Ontario,CA,San Bernardino County,42.5
91761,Ontario,CA,San Bernardino County,42.5
91762,Ontario,CA,San Bernardino County,42.5
91764,Ontario,CA,San Bernardino County,42.5
93255,Onyx,CA,Kern County,32.5
92856,Orange,CA,Orange County,42.5
92857,Orange,CA,Orange County,42.5
92859,Orange,CA,Orange County,42.5
92862,Orange,CA,Orange County,42.5
92863,Orange,CA,Orange County,42.5
92864,Orange,CA,Orange County,42.5
92865,Orange,CA,Orange County,42.5
92866,Orange,CA,Orange County,42.5
92867,Orange,CA,Orange County,42.5
92868,Orange,CA,Orange County,42.5
92869,Orange,CA,Orange County,42.5
93646,Orange Cove,CA,Fresno County,42.5
95662,Orangevale,CA,Sacramento County,42.5
95962,Oregon House,CA,Yuba County,42.5
95555,Orick,CA,Humboldt County,42.5
94563,Orinda,CA,Contra Costa County,42.5
95963,Orland,CA,Glenn County,42.5
95556,Orleans,CA,Humboldt County,42.5
92368,Oro Grande,CA,San Bernardino County,42.5
93647,Orosi,CA,Tulare County,42.5
95965,Oroville,CA,Butte County,42.5
95966,Oroville,CA,Butte County,42.5
93030,Oxnard,CA,Ventura County,42.5
93031,Oxnard,CA,Ventura County,42.5
93032,Oxnard,CA,Ventura County,42.5
93033,Oxnard,CA,Ventura County,42.5
93034,Oxnard,CA,Ventura County,42.5
93035,Oxnard,CA,Ventura County,42.5
93036,Oxnard,CA,Ventura County,42.5
93950,Pacific Grove,CA,Monterey County,42.5
90272,Pacific Palisades,CA,Los Angeles County,42.5
94044,Pacifica,CA,San Mateo County,42.5
91331,Pacoima,CA,Los Angeles County,42.5
91333,Pacoima,CA,Los Angeles County,42.5
91334,Pacoima,CA,Los Angeles County,42.5
95043,Paicines,CA,San Benito County,42.5
92059,Pala,CA,San Diego County,42.5
95968,Palermo,CA,Butte County,42.5
92211,Palm Desert,CA,Riverside County,42.5
92255,Palm Desert,CA,Riverside County,42.5
92260,Palm Desert,CA,Riverside County,42.5
92261,Palm Desert,CA,Riverside County,42.5
92262,Palm Springs,CA,Riverside County,42.5
92263,Palm Springs,CA,Riverside County,42.5
92264,Palm Springs,CA,Riverside County,42.5
93550,Palmdale,CA,Los Angeles County,42.5
93551,Palmdale,CA,Los Angeles County,42.5
93552,Palmdale,CA,Los Angeles County,42.5
93590,Palmdale,CA,Los Angeles County,42.5
93591,Palmdale,CA,Los Angeles County,42.5
93599,Palmdale,CA,Los Angeles County,42.5
94301,Palo Alto,CA,Santa Clara County,42.5
94302,Palo Alto,CA,Santa Clara County,32.5
94303,Palo Alto,CA,San Mateo County,42.5
94304,Palo Alto,CA,Santa Clara County,42.5
94306,Palo Alto,CA,Santa Clara County,42.5
94309,Palo Alto,CA,Santa Clara County,32.5
96073,Palo Cedro,CA,Shasta County,42.5
92266,Palo Verde,CA,Imperial County,32.5
92060,Palomar Mountain,CA,San Diego County,42.5
90274,Palos Verdes Peninsula,CA,Los Angeles County,42.5
91402,Panorama City,CA,Los Angeles County,42.5
91412,Panorama City,CA,Los Angeles County,42.5
95967,Paradise,CA,Butte County,42.5
95969,Paradise,CA,Butte County,42.5
90723,Paramount,CA,Los Angeles County,42.5
93648,Parlier,CA,Fresno County,42.5
91101,Pasadena,CA,Los Angeles County,42.5
91102,Pasadena,CA,Los Angeles County,42.5
91103,Pasadena,CA,Los Angeles County,42.5
91104,Pasadena,CA,Los Angeles County,42.5
91105,Pasadena,CA,Los Angeles County,42.5
91106,Pasadena,CA,Los Angeles County,42.5
91107,Pasadena,CA,Los Angeles County,42.5
91109,Pasadena,CA,Los Angeles County,42.5
91110,Pasadena,CA,Los Angeles County,42.5
91114,Pasadena,CA,Los Angeles County,42.5
91115,Pasadena,CA,Los Angeles County,42.5
91116,Pasadena,CA,Los Angeles County,42.5
91117,Pasadena,CA,Los Angeles County,42.5
91121,Pasadena,CA,Los Angeles County,42.5
91123,Pasadena,CA,Los Angeles County,42.5
91124,Pasadena,CA,Los Angeles County,42.5
91125,Pasadena,CA,Los Angeles County,42.5
91126,Pasadena,CA,Los Angeles County,42.5
91129,Pasadena,CA,Los Angeles County,42.5
91182,Pasadena,CA,Los Angeles County,42.5
91184,Pasadena,CA,Los Angeles County,42.5
91185,Pasadena,CA,Los Angeles County,42.5
91188,Pasadena,CA,Los Angeles County,42.5
91189,Pasadena,CA,Los Angeles County,42.5
91199,Pasadena,CA,Los Angeles County,42.5
93446,Paso Robles,CA,San Luis Obispo County,32.5
93447,Paso Robles,CA,San Luis Obispo County,32.5
95363,Patterson,CA,Stanislaus County,42.5
92369,Patton,CA,San Bernardino County,42.5
92061,Pauma Valley,CA,San Diego County,42.5
96075,Paynes Creek,CA,Tehama County,42.5
93553,Pearblossom,CA,Los Angeles County,42.5
93953,Pebble Beach,CA,Monterey County,42.5
95946,Penn Valley,CA,Nevada County,42.5
94951,Penngrove,CA,Sonoma County,42.5
95663,Penryn,CA,Placer County,42.5
92570,Perris,CA,Riverside County,42.5
92571,Perris,CA,Riverside County,42.5
92572,Perris,CA,Riverside County,42.5
92599,Perris,CA,Riverside County,42.5
94060,Pescadero,CA,San Mateo County,42.5
94952,Petaluma,CA,Sonoma County,42.5
94953,Petaluma,CA,Sonoma County,42.5
94954,Petaluma,CA,Sonoma County,42.5
94955,Petaluma,CA,Sonoma County,32.5
94975,Petaluma,CA,Sonoma County,32.5
94999,Petaluma,CA,Sonoma County,42.5
95558,Petrolia,CA,Humboldt County,42.5
92329,Phelan,CA,San Bernardino County,42.5
92371,Phelan,CA,San Bernardino County,42.5
95559,Phillipsville,CA,Humboldt County,42.5
95466,Philo,CA,Mendocino County,42.5
90660,Pico Rivera,CA,Los Angeles County,42.5
90661,Pico Rivera,CA,Los Angeles County,42.5
90662,Pico Rivera,CA,Los Angeles County,42.5
94620,Piedmont,CA,Alameda County,42.5
93649,Piedra,CA,Fresno County,42.5
95587,Piercy,CA,Mendocino County,42.5
95664,Pilot Hill,CA,El Dorado County,42.5
95665,Pine Grove,CA,Amador County,42.5
93222,Pine Mountain Club,CA,Kern County,32.5
91962,Pine Valley,CA,San Diego County,42.5
95314,Pinecrest,CA,Tuolumne County,42.5
95364,Pinecrest,CA,Tuolumne County,42.5
94564,Pinole,CA,Contra Costa County,42.5
92372,Pinon Hills,CA,San Bernardino County,42.5
95666,Pioneer,CA,Amador County,42.5
92268,Pioneertown,CA,San Bernardino County,42.5
93040,Piru,CA,Ventura County,42.5
93448,Pismo Beach,CA,San Luis Obispo County,32.5
93449,Pismo Beach,CA,San Luis Obispo County,32.5
94565,Pittsburg,CA,Contra Costa County,42.5
93256,Pixley,CA,Tulare County,42.5
92870,Placentia,CA,Orange County,42.5
92871,Placentia,CA,Orange County,42.5
95667,Placerville,CA,El Dorado County,42.5
95365,Planada,CA,Merced County,42.5
96076,Platina,CA,Trinity County,42.5
90293,Playa Del Rey,CA,Los Angeles County,42.5
90296,Playa Del Rey,CA,Los Angeles County,42.5
90094,Playa Vista,CA,Los Angeles County,42.5
95668,Pleasant Grove,CA,Sutter County,42.5
94523,Pleasant Hill,CA,Contra Costa County,42.5
94566,Pleasanton,CA,Alameda County,42.5
94588,Pleasanton,CA,Alameda County,42.5
95669,Plymouth,CA,Amador County,42.5
95468,Point Arena,CA,Mendocino County,42.5
93042,Point Mugu Nawc,CA,Ventura County,42.5
94956,Point Reyes Station,CA,Marin County,42.5
95726,Pollock Pines,CA,El Dorado County,42.5
91766,Pomona,CA,Los Angeles County,42.5
91767,Pomona,CA,Los Angeles County,42.5
91768,Pomona,CA,Los Angeles County,42.5
91769,Pomona,CA,Los Angeles County,42.5
94567,Pope Valley,CA,Napa County,42.5
94569,Port Costa,CA,Contra Costa County,42.5
93041,Port Hueneme,CA,Ventura County,42.5
93044,Port Hueneme,CA,Ventura County,42.5
93043,Port Hueneme Cbc Base,CA,Ventura County,42.5
91326,Porter Ranch,CA,Los Angeles County,42.5
93257,Porterville,CA,Tulare County,42.5
93258,Porterville,CA,Tulare County,42.5
96122,Portola,CA,Plumas County,42.5
94028,Portola Valley,CA,San Mateo County,42.5
93260,Posey,CA,Tulare County,42.5
91963,Potrero,CA,San Diego County,42.5
91990,Potrero,CA,San Diego County,42.5
95469,Potter Valley,CA,Mendocino County,42.5
92064,Poway,CA,San Diego County,42.5
92074,Poway,CA,San Diego County,42.5
93651,Prather,CA,Fresno County,42.5
95970,Princeton,CA,Colusa County,42.5
95971,Quincy,CA,Plumas County,42.5
95972,Rackerby,CA,Yuba County,42.5
93652,Raisin City,CA,Fresno County,42.5
92065,Ramona,CA,San Diego County,42.5
92066,Ranchita,CA,San Diego County,42.5
95670,Rancho Cordova,CA,Sacramento County,42.5
95741,Rancho Cordova,CA,Sacramento County,42.5
95742,Rancho Cordova,CA,Sacramento County,42.5
91701,Rancho Cucamonga,CA,San Bernardino County,42.5
91729,Rancho Cucamonga,CA,San Bernardino County,42.5
91730,Rancho Cucamonga,CA,San Bernardino County,42.5
91737,Rancho Cucamonga,CA,San Bernardino County,42.5
91739,Rancho Cucamonga,CA,San Bernardino County,42.5
92270,Rancho Mirage,CA,Riverside County,42.5
90275,Rancho Palos Verdes,CA,Los Angeles County,42.5
92067,Rancho Santa Fe,CA,San Diego County,42.5
92091,Rancho Santa Fe,CA,San Diego County,42.5
92688,Rancho Santa Margarita,CA,Orange County,42.5
93554,Randsburg,CA,Kern County,42.5
96123,Ravendale,CA,Lassen County,42.5
93653,Raymond,CA,Madera County,42.5
96080,Red Bluff,CA,Tehama County,42.5
95569,Redcrest,CA,Humboldt County,42.5
96001,Redding,CA,Shasta County,42.5
96002,Redding,CA,Shasta County,42.5
96003,Redding,CA,Shasta County,42.5
96049,Redding,CA,Siskiyou County,42.5
96099,Redding,CA,Shasta County,42.5
92373,Redlands,CA,San Bernardino County,42.5
92374,Redlands,CA,San Bernardino County,42.5
92375,Redlands,CA,San Bernardino County,42.5
90277,Redondo Beach,CA,Los Angeles County,42.5
90278,Redondo Beach,CA,Los Angeles County,42.5
95560,Redway,CA,Humboldt County,42.5
94061,Redwood City,CA,San Mateo County,42.5
94062,Redwood City,CA,San Mateo County,42.5
94063,Redwood City,CA,San Mateo County,42.5
94064,Redwood City,CA,San Mateo County,32.5
94065,Redwood City,CA,San Mateo County,42.5
95044,Redwood Estates,CA,Santa Clara County,42.5
95470,Redwood Valley,CA,Mendocino County,42.5
93654,Reedley,CA,Fresno County,42.5
95671,Represa,CA,Sacramento County,42.5
95672,Rescue,CA,El Dorado County,42.5
91335,Reseda,CA,Los Angeles County,42.5
91337,Reseda,CA,Los Angeles County,42.5
92376,Rialto,CA,San Bernardino County,42.5
92377,Rialto,CA,San Bernardino County,42.5
93261,Richgrove,CA,Tulare County,42.5
94801,Richmond,CA,Contra Costa County,42.5
94802,Richmond,CA,Contra Costa County,42.5
94804,Richmond,CA,Contra Costa County,42.5
94805,Richmond,CA,Contra Costa County,42.5
94807,Richmond,CA,Contra Costa County,42.5
94808,Richmond,CA,Contra Costa County,42.5
94850,Richmond,CA,Contra Costa County,42.5
95974,Richvale,CA,Butte County,42.5
93555,Ridgecrest,CA,Kern County,32.5
93556,Ridgecrest,CA,Kern County,32.5
92378,Rimforest,CA,San Bernardino County,42.5
95562,Rio Dell,CA,Humboldt County,42.5
95673,Rio Linda,CA,Sacramento County,42.5
95471,Rio Nido,CA,Sonoma County,42.5
95674,Rio Oso,CA,Sutter County,42.5
94571,Rio Vista,CA,Solano County,42.5
95366,Ripon,CA,San Joaquin County,42.5
95675,River Pines,CA,Amador County,32.5
95367,Riverbank,CA,Stanislaus County,42.5
93656,Riverdale,CA,Fresno County,42.5
92501,Riverside,CA,Riverside County,42.5
92502,Riverside,CA,Riverside County,42.5
92503,Riverside,CA,Riverside County,42.5
92504,Riverside,CA,Riverside County,42.5
92505,Riverside,CA,Riverside County,42.5
92506,Riverside,CA,Riverside County,42.5
92507,Riverside,CA,Riverside County,42.5
92508,Riverside,CA,Riverside County,42.5
92513,Riverside,CA,Riverside County,42.5
92514,Riverside,CA,Riverside County,42.5
92515,Riverside,CA,Riverside County,42.5
92516,Riverside,CA,Riverside County,42.5
92517,Riverside,CA,Riverside County,42.5
92519,Riverside,CA,Riverside County,42.5
92521,Riverside,CA,Riverside County,42.5
92522,Riverside,CA,Riverside County,42.5
95676,Robbins,CA,Sutter County,42.5
95677,Rocklin,CA,Placer County,42.5
95765,Rocklin,CA,Placer County,42.5
94572,Rodeo,CA,Contra Costa County,42.5
94926,Rohnert Park,CA,Sonoma County,32.5
94927,Rohnert Park,CA,Sonoma County,32.5
94928,Rohnert Park,CA,Sonoma County,42.5
93560,Rosamond,CA,Kern County,42.5
91770,Rosemead,CA,Los Angeles County,42.5
91771,Rosemead,CA,Los Angeles County,42.5
91772,Rosemead,CA,Los Angeles County,42.5
95661,Roseville,CA,Placer County,42.5
95678,Roseville,CA,Placer County,42.5
95747,Roseville,CA,Placer County,42.5
94957,Ross,CA,Marin County,42.5
95975,Rough And Ready,CA,Nevada County,42.5
96084,Round Mountain,CA,Shasta County,42.5
91748,Rowland Heights,CA,Los Angeles County,42.5
95679,Rumsey,CA,Yolo County,42.5
92382,Running Springs,CA,San Bernardino County,42.5
94573,Rutherford,CA,Napa County,42.5
95680,Ryde,CA,Sacramento County,32.5
94203,Sacramento,CA,Sacramento County,42.5
94204,Sacramento,CA,Sacramento County,42.5
94205,Sacramento,CA,Sacramento County,42.5
94206,Sacramento,CA,Sacramento County,42.5
94207,Sacramento,CA,Sacramento County,42.5
94208,Sacramento,CA,Sacramento County,42.5
94209,Sacramento,CA,Sacramento County,42.5
94211,Sacramento,CA,Sacramento County,42.5
94229,Sacramento,CA,Sacramento County,42.5
94230,Sacramento,CA,Sacramento County,42.5
94232,Sacramento,CA,Sacramento County,42.5
94234,Sacramento,CA,Sacramento County,42.5
94235,Sacramento,CA,Sacramento County,42.5
94236,Sacramento,CA,Sacramento County,42.5
94237,Sacramento,CA,Sacramento County,42.5
94239,Sacramento,CA,Sacramento County,42.5
94240,Sacramento,CA,Sacramento County,42.5
94244,Sacramento,CA,Sacramento County,42.5
94245,Sacramento,CA,Sacramento County,42.5
94246,Sacramento,CA,Sacramento County,42.5
94247,Sacramento,CA,Sacramento County,42.5
94248,Sacramento,CA,Sacramento County,42.5
94249,Sacramento,CA,Sacramento County,42.5
94250,Sacramento,CA,Sacramento County,42.5
94252,Sacramento,CA,Sacramento County,42.5
94254,Sacramento,CA,Sacramento County,42.5
94256,Sacramento,CA,Sacramento County,42.5
94257,Sacramento,CA,Sacramento County,42.5
94258,Sacramento,CA,Sacramento County,42.5
94259,Sacramento,CA,Sacramento County,42.5
94261,Sacramento,CA,Sacramento County,42.5
94262,Sacramento,CA,Sacramento County,42.5
94263,Sacramento,CA,Sacramento County,42.5
94267,Sacramento,CA,Sacramento County,42.5
94268,Sacramento,CA,Sacramento County,42.5
94269,Sacramento,CA,Sacramento County,42.5
94271,Sacramento,CA,Sacramento County,42.5
94273,Sacramento,CA,Sacramento County,42.5
94274,Sacramento,CA,Sacramento County,42.5
94277,Sacramento,CA,Sacramento County,42.5
94278,Sacramento,CA,Sacramento County,42.5
94279,Sacramento,CA,Sacramento County,42.5
94280,Sacramento,CA,Sacramento County,42.5
94282,Sacramento,CA,Sacramento County,42.5
94283,Sacramento,CA,Sacramento County,42.5
94284,Sacramento,CA,Sacramento County,42.5
94285,Sacramento,CA,Sacramento County,42.5
94286,Sacramento,CA,Sacramento County,42.5
94287,Sacramento,CA,Sacramento County,42.5
94288,Sacramento,CA,Sacramento County,42.5
94289,Sacramento,CA,Sacramento County,42.5
94290,Sacramento,CA,Sacramento County,42.5
94291,Sacramento,CA,Sacramento County,42.5
94293,Sacramento,CA,Sacramento County,42.5
94294,Sacramento,CA,Sacramento County,42.5
94295,Sacramento,CA,Sacramento County,42.5
94296,Sacramento,CA,Sacramento County,42.5
94297,Sacramento,CA,Sacramento County,42.5
94298,Sacramento,CA,Sacramento County,42.5
94299,Sacramento,CA,Sacramento County,42.5
95811,Sacramento,CA,Sacramento County,42.5
95812,Sacramento,CA,Sacramento County,42.5
95813,Sacramento,CA,Sacramento County,42.5
95814,Sacramento,CA,Sacramento County,42.5
95815,Sacramento,CA,Sacramento County,42.5
95816,Sacramento,CA,Sacramento County,42.5
95817,Sacramento,CA,Sacramento County,42.5
95818,Sacramento,CA,Sacramento County,42.5
95819,Sacramento,CA,Sacramento County,42.5
95820,Sacramento,CA,Sacramento County,42.5
95821,Sacramento,CA,Sacramento County,42.5
95822,Sacramento,CA,Sacramento County,42.5
95823,Sacramento,CA,Sacramento County,42.5
95824,Sacramento,CA,Sacramento County,42.5
95825,Sacramento,CA,Sacramento County,42.5
95826,Sacramento,CA,Sacramento County,42.5
95827,Sacramento,CA,Sacramento County,42.5
95828,Sacramento,CA,Sacramento County,42.5
95829,Sacramento,CA,Sacramento County,42.5
95830,Sacramento,CA,Sacramento County,42.5
95831,Sacramento,CA,Sacramento County,42.5
95832,Sacramento,CA,Sacramento County,42.5
95833,Sacramento,CA,Sacramento County,42.5
95834,Sacramento,CA,Sacramento County,42.5
95835,Sacramento,CA,Sacramento County,42.5
95836,Sacramento,CA,Sacramento County,42.5
95837,Sacramento,CA,Sacramento County,42.5
95838,Sacramento,CA,Sacramento County,42.5
95840,Sacramento,CA,Sacramento County,32.5
95841,Sacramento,CA,Sacramento County,42.5
95842,Sacramento,CA,Sacramento County,42.5
95851,Sacramento,CA,Sacramento County,42.5
95852,Sacramento,CA,Sacramento County,42.5
95853,Sacramento,CA,Sacramento County,42.5
95860,Sacramento,CA,Sacramento County,42.5
95864,Sacramento,CA,Sacramento County,42.5
95865,Sacramento,CA,Sacramento County,42.5
95866,Sacramento,CA,Sacramento County,42.5
95867,Sacramento,CA,Sacramento County,32.5
95887,Sacramento,CA,Sacramento County,32.5
95894,Sacramento,CA,Sacramento County,32.5
95899,Sacramento,CA,Sacramento County,32.5
94574,Saint Helena,CA,Napa County,42.5
95368,Salida,CA,Stanislaus County,42.5
93901,Salinas,CA,Monterey County,42.5
93905,Salinas,CA,Monterey County,42.5
93906,Salinas,CA,Monterey County,42.5
93907,Salinas,CA,Monterey County,42.5
93908,Salinas,CA,Monterey County,42.5
93912,Salinas,CA,Monterey County,42.5
92275,Salton City,CA,Imperial County,42.5
95563,Salyer,CA,Trinity County,42.5
95564,Samoa,CA,Humboldt County,42.5
95249,San Andreas,CA,Calaveras County,42.5
94960,San Anselmo,CA,Marin County,42.5
94979,San Anselmo,CA,Marin County,42.5
93450,San Ardo,CA,Monterey County,42.5
92401,San Bernardino,CA,San Bernardino County,42.5
92402,San Bernardino,CA,San Bernardino County,42.5
92403,San Bernardino,CA,San Bernardino County,42.5
92404,San Bernardino,CA,San Bernardino County,42.5
92405,San Bernardino,CA,San Bernardino County,42.5
92406,San Bernardino,CA,San Bernardino County,42.5
92407,San Bernardino,CA,San Bernardino County,42.5
92408,San Bernardino,CA,San Bernardino County,42.5
92410,San Bernardino,CA,San Bernardino County,42.5
92411,San Bernardino,CA,San Bernardino County,42.5
92412,San Bernardino,CA,San Bernardino County,42.5
92413,San Bernardino,CA,San Bernardino County,42.5
92415,San Bernardino,CA,San Bernardino County,42.5
92418,San Bernardino,CA,San Bernardino County,42.5
92423,San Bernardino,CA,San Bernardino County,42.5
92427,San Bernardino,CA,San Bernardino County,42.5
94066,San Bruno,CA,San Mateo County,42.5
94070,San Carlos,CA,San Mateo County,42.5
92672,San Clemente,CA,Orange County,42.5
92673,San Clemente,CA,Orange County,42.5
92674,San Clemente,CA,Orange County,42.5
92101,San Diego,CA,San Diego County,42.5
92102,San Diego,CA,San Diego County,42.5
92103,San Diego,CA,San Diego County,42.5
92104,San Diego,CA,San Diego County,42.5
92105,San Diego,CA,San Diego County,42.5
92106,San Diego,CA,San Diego County,42.5
92107,San Diego,CA,San Diego County,42.5
92108,San Diego,CA,San Diego County,42.5
92109,San Diego,CA,San Diego County,42.5
92110,San Diego,CA,San Diego County,42.5
92111,San Diego,CA,San Diego County,42.5
92112,San Diego,CA,San Diego County,42.5
92113,San Diego,CA,San Diego County,42.5
92114,San Diego,CA,San Diego County,42.5
92115,San Diego,CA,San Diego County,42.5
92116,San Diego,CA,San Diego County,42.5
92117,San Diego,CA,San Diego County,42.5
92119,San Diego,CA,San Diego County,42.5
92120,San Diego,CA,San Diego County,42.5
92121,San Diego,CA,San Diego County,42.5
92122,San Diego,CA,San Diego County,42.5
92123,San Diego,CA,San Diego County,42.5
92124,San Diego,CA,San Diego County,42.5
92126,San Diego,CA,San Diego County,42.5
92127,San Diego,CA,San Diego County,42.5
92128,San Diego,CA,San Diego County,42.5
92129,San Diego,CA,San Diego County,42.5
92130,San Diego,CA,San Diego County,42.5
92131,San Diego,CA,San Diego County,42.5
92132,San Diego,CA,San Diego County,42.5
92133,San Diego,CA,San Diego County,42.5
92134,San Diego,CA,San Diego County,42.5
92135,San Diego,CA,San Diego County,42.5
92136,San Diego,CA,San Diego County,42.5
92137,San Diego,CA,San Diego County,42.5
92138,San Diego,CA,San Diego County,42.5
92139,San Diego,CA,San Diego County,42.5
92140,San Diego,CA,San Diego County,42.5
92142,San Diego,CA,San Diego County,42.5
92145,San Diego,CA,San Diego County,42.5
92147,San Diego,CA,San Diego County,42.5
92149,San Diego,CA,San Diego County,42.5
92150,San Diego,CA,San Diego County,42.5
92152,San Diego,CA,San Diego County,42.5
92153,San Diego,CA,San Diego County,42.5
92154,San Diego,CA,San Diego County,42.5
92155,San Diego,CA,San Diego County,42.5
92158,San Diego,CA,San Diego County,42.5
92159,San Diego,CA,San Diego County,42.5
92160,San Diego,CA,San Diego County,42.5
92161,San Diego,CA,San Diego County,42.5
92163,San Diego,CA,San Diego County,42.5
92164,San Diego,CA,San Diego County,32.5
92165,San Diego,CA,San Diego County,42.5
92166,San Diego,CA,San Diego County,42.5
92167,San Diego,CA,San Diego County,42.5
92168,San Diego,CA,San Diego County,42.5
92169,San Diego,CA,San Diego County,42.5
92170,San Diego,CA,San Diego County,42.5
92171,San Diego,CA,San Diego County,42.5
92172,San Diego,CA,San Diego County,42.5
92174,San Diego,CA,San Diego County,42.5
92175,San Diego,CA,San Diego County,42.5
92176,San Diego,CA,San Diego County,42.5
92177,San Diego,CA,San Diego County,42.5
92179,San Diego,CA,San Diego County,42.5
92182,San Diego,CA,San Diego County,42.5
92186,San Diego,CA,San Diego County,42.5
92187,San Diego,CA,San Diego County,42.5
92190,San Diego,CA,San Diego County,32.5
92191,San Diego,CA,San Diego County,42.5
92192,San Diego,CA,San Diego County,42.5
92193,San Diego,CA,San Diego County,42.5
92195,San Diego,CA,San Diego County,42.5
92196,San Diego,CA,San Diego County,42.5
92197,San Diego,CA,San Diego County,42.5
92198,San Diego,CA,San Diego County,42.5
92199,San Diego,CA,San Diego County,42.5
91773,San Dimas,CA,Los Angeles County,42.5
91340,San Fernando,CA,Los Angeles County,42.5
91341,San Fernando,CA,Los Angeles County,42.5
94101,San Francisco,CA,San Francisco County,42.5
94102,San Francisco,CA,San Francisco County,42.5
94103,San Francisco,CA,San Francisco County,42.5
94104,San Francisco,CA,San Francisco County,42.5
94105,San Francisco,CA,San Francisco County,42.5
94107,San Francisco,CA,San Francisco County,42.5
94108,San Francisco,CA,San Francisco County,42.5
94109,San Francisco,CA,San Francisco County,42.5
94110,San Francisco,CA,San Francisco County,42.5
94111,San Francisco,CA,San Francisco County,42.5
94112,San Francisco,CA,San Francisco County,42.5
94114,San Francisco,CA,San Francisco County,42.5
94115,San Francisco,CA,San Francisco County,42.5
94116,San Francisco,CA,San Francisco County,42.5
94117,San Francisco,CA,San Francisco County,42.5
94118,San Francisco,CA,San Francisco County,42.5
94119,San Francisco,CA,San Francisco County,32.5
94120,San Francisco,CA,San Francisco County,32.5
94121,San Francisco,CA,San Francisco County,42.5
94122,San Francisco,CA,San Francisco County,42.5
94123,San Francisco,CA,San Francisco County,42.5
94124,San Francisco,CA,San Francisco County,42.5
94125,San Francisco,CA,San Francisco County,32.5
94126,San Francisco,CA,San Francisco County,42.5
94127,San Francisco,CA,San Francisco County,42.5
94128,San Francisco,CA,San Mateo County,42.5
94129,San Francisco,CA,San Francisco County,42.5
94130,San Francisco,CA,San Francisco County,42.5
94131,San Francisco,CA,San Francisco County,42.5
94132,San Francisco,CA,San Francisco County,42.5
94133,San Francisco,CA,San Francisco County,42.5
94134,San Francisco,CA,San Francisco County,42.5
94137,San Francisco,CA,San Francisco County,32.5
94139,San Francisco,CA,San Francisco County,42.5
94140,San Francisco,CA,San Francisco County,32.5
94141,San Francisco,CA,San Francisco County,32.5
94142,San Francisco,CA,San Francisco County,32.5
94143,San Francisco,CA,San Francisco County,42.5
94144,San Francisco,CA,San Francisco County,32.5
94145,San Francisco,CA,San Francisco County,32.5
94146,San Francisco,CA,San Francisco County,32.5
94147,San Francisco,CA,San Francisco County,32.5
94151,San Francisco,CA,San Francisco County,32.5
94158,San Francisco,CA,San Francisco County,42.5
94159,San Francisco,CA,San Francisco County,32.5
94160,San Francisco,CA,San Francisco County,32.5
94161,San Francisco,CA,San Francisco County,32.5
94163,San Francisco,CA,San Francisco County,32.5
94164,San Francisco,CA,San Francisco County,32.5
94172,San Francisco,CA,San Francisco County,32.5
94177,San Francisco,CA,San Francisco County,32.5
94188,San Francisco,CA,San Francisco County,32.5
91775,San Gabriel,CA,Los Angeles County,42.5
91776,San Gabriel,CA,Los Angeles County,42.5
91778,San Gabriel,CA,Los Angeles County,42.5
94963,San Geronimo,CA,Marin County,42.5
94074,San Gregorio,CA,San Mateo County,42.5
92581,San Jacinto,CA,Riverside County,42.5
92582,San Jacinto,CA,Riverside County,42.5
92583,San Jacinto,CA,Riverside County,42.5
93660,San Joaquin,CA,Fresno County,42.5
95101,San Jose,CA,Santa Clara County,42.5
95103,San Jose,CA,Santa Clara County,32.5
95106,San Jose,CA,Santa Clara County,32.5
95108,San Jose,CA,Santa Clara County,32.5
95109,San Jose,CA,Santa Clara County,32.5
95110,San Jose,CA,Santa Clara County,42.5
95111,San Jose,CA,Santa Clara County,42.5
95112,San Jose,CA,Santa Clara County,42.5
95113,San Jose,CA,Santa Clara County,42.5
95115,San Jose,CA,Santa Clara County,32.5
95116,San Jose,CA,Santa Clara County,42.5
95117,San Jose,CA,Santa Clara County,42.5
95118,San Jose,CA,Santa Clara County,42.5
95119,San Jose,CA,Santa Clara County,42.5
95120,San Jose,CA,Santa Clara County,42.5
95121,San Jose,CA,Santa Clara County,42.5
95122,San Jose,CA,Santa Clara County,42.5
95123,San Jose,CA,Santa Clara County,42.5
95124,San Jose,CA,Santa Clara County,42.5
95125,San Jose,CA,Santa Clara County,42.5
95126,San Jose,CA,Santa Clara County,42.5
95127,San Jose,CA,Santa Clara County,42.5
95128,San Jose,CA,Santa Clara County,42.5
95129,San Jose,CA,Santa Clara County,42.5
95130,San Jose,CA,Santa Clara County,42.5
95131,San Jose,CA,Santa Clara County,42.5
95132,San Jose,CA,Santa Clara County,42.5
95133,San Jose,CA,Santa Clara County,42.5
95134,San Jose,CA,Santa Clara County,42.5
95135,San Jose,CA,Santa Clara County,42.5
95136,San Jose,CA,Santa Clara County,42.5
95138,San Jose,CA,Santa Clara County,42.5
95139,San Jose,CA,Santa Clara County,42.5
95141,San Jose,CA,Santa Clara County,42.5
95148,San Jose,CA,Santa Clara County,42.5
95150,San Jose,CA,Santa Clara County,32.5
95151,San Jose,CA,Santa Clara County,32.5
95152,San Jose,CA,Santa Clara County,32.5
95153,San Jose,CA,Santa Clara County,32.5
95154,San Jose,CA,Santa Clara County,32.5
95155,San Jose,CA,Santa Clara County,32.5
95156,San Jose,CA,Santa Clara County,32.5
95157,San Jose,CA,Santa Clara County,32.5
95158,San Jose,CA,Santa Clara County,32.5
95159,San Jose,CA,Santa Clara County,32.5
95160,San Jose,CA,Santa Clara County,42.5
95161,San Jose,CA,Santa Clara County,32.5
95164,San Jose,CA,Santa Clara County,32.5
95170,San Jose,CA,Santa Clara County,32.5
95172,San Jose,CA,Santa Clara County,32.5
95173,San Jose,CA,Santa Clara County,32.5
95190,San Jose,CA,Santa Clara County,32.5
95191,San Jose,CA,Santa Clara County,32.5
95192,San Jose,CA,Santa Clara County,42.5
95193,San Jose,CA,Santa Clara County,42.5
95194,San Jose,CA,Santa Clara County,32.5
95196,San Jose,CA,Santa Clara County,32.5
95045,San Juan Bautista,CA,San Benito County,42.5
92675,San Juan Capistrano,CA,Orange County,42.5
92693,San Juan Capistrano,CA,Orange County,42.5
94577,San Leandro,CA,Alameda County,42.5
94578,San Leandro,CA,Alameda County,42.5
94579,San Leandro,CA,Alameda County,42.5
94580,San Lorenzo,CA,Alameda County,42.5
93954,San Lucas,CA,Monterey County,42.5
93401,San Luis Obispo,CA,San Luis Obispo County,32.5
93403,San Luis Obispo,CA,San Luis Obispo County,32.5
93405,San Luis Obispo,CA,San Luis Obispo County,32.5
93406,San Luis Obispo,CA,San Luis Obispo County,32.5
93407,San Luis Obispo,CA,San Luis Obispo County,32.5
93408,San Luis Obispo,CA,San Luis Obispo County,32.5
93409,San Luis Obispo,CA,San Luis Obispo County,32.5
93410,San Luis Obispo,CA,San Luis Obispo County,32.5
92068,San Luis Rey,CA,San Diego County,42.5
92069,San Marcos,CA,San Diego County,42.5
92078,San Marcos,CA,San Diego County,42.5
92079,San Marcos,CA,San Diego County,42.5
92096,San Marcos,CA,San Diego County,42.5
91108,San Marino,CA,Los Angeles County,42.5
91118,San Marino,CA,Los Angeles County,42.5
95046,San Martin,CA,Santa Clara County,42.5
94401,San Mateo,CA,San Mateo County,42.5
94402,San Mateo,CA,San Mateo County,42.5
94403,San Mateo,CA,San Mateo County,42.5
94404,San Mateo,CA,San Mateo County,42.5
94497,San Mateo,CA,San Mateo County,32.5
93451,San Miguel,CA,San Luis Obispo County,32.5
94806,San Pablo,CA,Contra Costa County,42.5
90731,San Pedro,CA,Los Angeles County,42.5
90732,San Pedro,CA,Los Angeles County,42.5
90733,San Pedro,CA,Los Angeles County,42.5
90734,San Pedro,CA,Los Angeles County,42.5
94964,San Quentin,CA,Marin County,42.5
94974,San Quentin,CA,Marin County,42.5
94901,San Rafael,CA,Marin County,42.5
94903,San Rafael,CA,Marin County,42.5
94912,San Rafael,CA,Marin County,42.5
94913,San Rafael,CA,Marin County,42.5
94915,San Rafael,CA,Marin County,42.5
94582,San Ramon,CA,Contra Costa County,42.5
94583,San Ramon,CA,Contra Costa County,42.5
93452,San Simeon,CA,San Luis Obispo County,32.5
92143,San Ysidro,CA,San Diego County,42.5
92173,San Ysidro,CA,San Diego County,42.5
93657,Sanger,CA,Fresno County,42.5
92701,Santa Ana,CA,Orange County,42.5
92702,Santa Ana,CA,Orange County,42.5
92703,Santa Ana,CA,Orange County,42.5
92704,Santa Ana,CA,Orange County,42.5
92705,Santa Ana,CA,Orange County,42.5
92706,Santa Ana,CA,Orange County,42.5
92707,Santa Ana,CA,Orange County,42.5
92711,Santa Ana,CA,Orange County,42.5
92712,Santa Ana,CA,Orange County,42.5
92735,Santa Ana,CA,Orange County,42.5
92799,Santa Ana,CA,Orange County,42.5
93101,Santa Barbara,CA,Santa Barbara County,42.5
93102,Santa Barbara,CA,Santa Barbara County,42.5
93103,Santa Barbara,CA,Santa Barbara County,42.5
93105,Santa Barbara,CA,Santa Barbara County,42.5
93106,Santa Barbara,CA,Santa Barbara County,42.5
93107,Santa Barbara,CA,Santa Barbara County,42.5
93108,Santa Barbara,CA,Santa Barbara County,42.5
93109,Santa Barbara,CA,Santa Barbara County,42.5
93110,Santa Barbara,CA,Santa Barbara County,42.5
93111,Santa Barbara,CA,Santa Barbara County,42.5
93120,Santa Barbara,CA,Santa Barbara County,42.5
93121,Santa Barbara,CA,Santa Barbara County,42.5
93130,Santa Barbara,CA,Santa Barbara County,42.5
93140,Santa Barbara,CA,Santa Barbara County,42.5
93150,Santa Barbara,CA,Santa Barbara County,42.5
93160,Santa Barbara,CA,Santa Barbara County,42.5
93190,Santa Barbara,CA,Santa Barbara County,42.5
95050,Santa Clara,CA,Santa Clara County,42.5
95051,Santa Clara,CA,Santa Clara County,42.5
95052,Santa Clara,CA,Santa Clara County,32.5
95053,Santa Clara,CA,Santa Clara County,42.5
95054,Santa Clara,CA,Santa Clara County,42.5
95055,Santa Clara,CA,Santa Clara County,32.5
95056,Santa Clara,CA,Santa Clara County,32.5
91350,Santa Clarita,CA,Los Angeles County,42.5
91380,Santa Clarita,CA,Los Angeles County,42.5
91382,Santa Clarita,CA,Los Angeles County,42.5
91383,Santa Clarita,CA,Los Angeles County,42.5
91390,Santa Clarita,CA,Los Angeles County,42.5
95060,Santa Cruz,CA,Santa Cruz County,42.5
95062,Santa Cruz,CA,Santa Cruz County,42.5
95064,Santa Cruz,CA,Santa Cruz County,42.5
95065,Santa Cruz,CA,Santa Cruz County,42.5
90670,Santa Fe Springs,CA,Los Angeles County,42.5
90671,Santa Fe Springs,CA,Los Angeles County,42.5
93453,Santa Margarita,CA,San Luis Obispo County,32.5
93454,Santa Maria,CA,Santa Barbara County,32.5
93455,Santa Maria,CA,Santa Barbara County,32.5
93456,Santa Maria,CA,Santa Barbara County,32.5
93457,Santa Maria,CA,Santa Barbara County,32.5
93458,Santa Maria,CA,Santa Barbara County,32.5
90401,Santa Monica,CA,Los Angeles County,42.5
90402,Santa Monica,CA,Los Angeles County,42.5
90403,Santa Monica,CA,Los Angeles County,42.5
90404,Santa Monica,CA,Los Angeles County,42.5
90405,Santa Monica,CA,Los Angeles County,42.5
90406,Santa Monica,CA,Los Angeles County,42.5
90407,Santa Monica,CA,Los Angeles County,42.5
90408,Santa Monica,CA,Los Angeles County,42.5
90409,Santa Monica,CA,Los Angeles County,42.5
90410,Santa Monica,CA,Los Angeles County,42.5
90411,Santa Monica,CA,Los Angeles County,42.5
93060,Santa Paula,CA,Ventura County,42.5
93061,Santa Paula,CA,Ventura County,42.5
93661,Santa Rita Park,CA,Merced County,42.5
95401,Santa Rosa,CA,Sonoma County,42.5
95402,Santa Rosa,CA,Sonoma County,42.5
95403,Santa Rosa,CA,Sonoma County,42.5
95404,Santa Rosa,CA,Sonoma County,42.5
95405,Santa Rosa,CA,Sonoma County,42.5
95406,Santa Rosa,CA,Sonoma County,42.5
95407,Santa Rosa,CA,Sonoma County,42.5
95409,Santa Rosa,CA,Sonoma County,42.5
93460,Santa Ynez,CA,Santa Barbara County,32.5
92070,Santa Ysabel,CA,San Diego County,42.5
92071,Santee,CA,San Diego County,42.5
92072,Santee,CA,San Diego County,42.5
95070,Saratoga,CA,Santa Clara County,42.5
95071,Saratoga,CA,Santa Clara County,32.5
94965,Sausalito,CA,Marin County,42.5
94966,Sausalito,CA,Marin County,42.5
95565,Scotia,CA,Humboldt County,42.5
96085,Scott Bar,CA,Siskiyou County,42.5
95066,Scotts Valley,CA,Santa Cruz County,42.5
90740,Seal Beach,CA,Orange County,42.5
93955,Seaside,CA,Monterey County,42.5
95472,Sebastopol,CA,Sonoma County,42.5
95473,Sebastopol,CA,Sonoma County,32.5
92273,Seeley,CA,Imperial County,32.5
96086,Seiad Valley,CA,Siskiyou County,42.5
93662,Selma,CA,Fresno County,42.5
93262,Sequoia National Park,CA,Tulare County,32.5
93263,Shafter,CA,Kern County,42.5
93461,Shandon,CA,San Luis Obispo County,32.5
96087,Shasta,CA,Shasta County,42.5
96019,Shasta Lake,CA,Shasta County,42.5
96079,Shasta Lake,CA,Shasta County,42.5
96089,Shasta Lake,CA,Shasta County,42.5
93664,Shaver Lake,CA,Fresno County,42.5
95681,Sheridan,CA,Placer County,42.5
91403,Sherman Oaks,CA,Los Angeles County,42.5
91413,Sherman Oaks,CA,Los Angeles County,42.5
91423,Sherman Oaks,CA,Los Angeles County,42.5
91495,Sherman Oaks,CA,Los Angeles County,42.5
95682,Shingle Springs,CA,El Dorado County,42.5
96088,Shingletown,CA,Shasta County,42.5
92384,Shoshone,CA,Inyo County,32.5
96125,Sierra City,CA,Sierra County,42.5
91024,Sierra Madre,CA,Los Angeles County,42.5
91025,Sierra Madre,CA,Los Angeles County,42.5
96126,Sierraville,CA,Sierra County,42.5
90755,Signal Hill,CA,Los Angeles County,42.5
92676,Silverado,CA,Orange County,42.5
93062,Simi Valley,CA,Ventura County,42.5
93063,Simi Valley,CA,Ventura County,42.5
93065,Simi Valley,CA,Ventura County,42.5
93093,Simi Valley,CA,Ventura County,42.5
93094,Simi Valley,CA,Ventura County,42.5
93099,Simi Valley,CA,Ventura County,42.5
92385,Skyforest,CA,San Bernardino County,42.5
95683,Sloughhouse,CA,Sacramento County,42.5
95977,Smartsville,CA,Nevada County,42.5
95567,Smith River,CA,Del Norte County,42.5
95369,Snelling,CA,Merced County,42.5
95728,Soda Springs,CA,Placer County,42.5
92075,Solana Beach,CA,San Diego County,42.5
93960,Soledad,CA,Monterey County,42.5
93463,Solvang,CA,Santa Barbara County,32.5
93464,Solvang,CA,Santa Barbara County,32.5
95684,Somerset,CA,El Dorado County,42.5
95568,Somes Bar,CA,Siskiyou County,42.5
93066,Somis,CA,Ventura County,42.5
95476,Sonoma,CA,Sonoma County,42.5
95370,Sonora,CA,Tuolumne County,42.5
95073,Soquel,CA,Santa Cruz County,42.5
95372,Soulsbyville,CA,Tuolumne County,42.5
93665,South Dos Palos,CA,Merced County,42.5
91733,South El Monte,CA,Los Angeles County,42.5
90280,South Gate,CA,Los Angeles County,42.5
96150,South Lake Tahoe,CA,El Dorado County,42.5
96151,South Lake Tahoe,CA,El Dorado County,32.5
96152,South Lake Tahoe,CA,El Dorado County,32.5
96154,South Lake Tahoe,CA,El Dorado County,32.5
96155,South Lake Tahoe,CA,El Dorado County,32.5
96156,South Lake Tahoe,CA,Alpine County,32.5
96157,South Lake Tahoe,CA,El Dorado County,32.5
96158,South Lake Tahoe,CA,El Dorado County,32.5
91030,South Pasadena,CA,Los Angeles County,42.5
91031,South Pasadena,CA,Los Angeles County,42.5
94080,South San Francisco,CA,San Mateo County,42.5
94083,South San Francisco,CA,San Mateo County,42.5
93962,Spreckels,CA,Monterey County,42.5
91976,Spring Valley,CA,San Diego County,42.5
91977,Spring Valley,CA,San Diego County,42.5
91978,Spring Valley,CA,San Diego County,42.5
91979,Spring Valley,CA,San Diego County,42.5
93265,Springville,CA,Tulare County,42.5
93675,Squaw Valley,CA,Fresno County,42.5
95373,Standard,CA,Tuolumne County,42.5
96128,Standish,CA,Lassen County,42.5
94305,Stanford,CA,Santa Clara County,42.5
90680,Stanton,CA,Orange County,42.5
91381,Stevenson Ranch,CA,Los Angeles County,42.5
95374,Stevinson,CA,Merced County,42.5
95480,Stewarts Point,CA,Sonoma County,42.5
94970,Stinson Beach,CA,Marin County,42.5
95978,Stirling City,CA,Butte County,42.5
95201,Stockton,CA,San Joaquin County,42.5
95202,Stockton,CA,San Joaquin County,42.5
95203,Stockton,CA,San Joaquin County,42.5
95204,Stockton,CA,San Joaquin County,42.5
95205,Stockton,CA,San Joaquin County,42.5
95206,Stockton,CA,San Joaquin County,42.5
95207,Stockton,CA,San Joaquin County,42.5
95208,Stockton,CA,San Joaquin County,42.5
95209,Stockton,CA,San Joaquin County,42.5
95210,Stockton,CA,San Joaquin County,42.5
95211,Stockton,CA,San Joaquin County,42.5
95212,Stockton,CA,San Joaquin County,42.5
95213,Stockton,CA,San Joaquin County,42.5
95215,Stockton,CA,San Joaquin County,42.5
95219,Stockton,CA,San Joaquin County,42.5
95267,Stockton,CA,San Joaquin County,42.5
95269,Stockton,CA,San Joaquin County,42.5
95296,Stockton,CA,San Joaquin County,42.5
95297,Stockton,CA,San Joaquin County,42.5
95979,Stonyford,CA,Colusa County,42.5
93266,Stratford,CA,Kings County,42.5
93267,Strathmore,CA,Tulare County,42.5
95375,Strawberry,CA,Tuolumne County,42.5
95981,Strawberry Valley,CA,Plumas County,42.5
91604,Studio City,CA,Los Angeles County,42.5
91614,Studio City,CA,Los Angeles County,42.5
92386,Sugarloaf,CA,San Bernardino County,42.5
94585,Suisun City,CA,Solano County,42.5
93666,Sultana,CA,Tulare County,42.5
93067,Summerland,CA,Santa Barbara County,42.5
91352,Sun Valley,CA,Los Angeles County,42.5
91353,Sun Valley,CA,Los Angeles County,42.5
91040,Sunland,CA,Los Angeles County,42.5
91041,Sunland,CA,Los Angeles County,42.5
94085,Sunnyvale,CA,Santa Clara County,42.5
94086,Sunnyvale,CA,Santa Clara County,42.5
94087,Sunnyvale,CA,Santa Clara County,42.5
94088,Sunnyvale,CA,Santa Clara County,32.5
94089,Sunnyvale,CA,Santa Clara County,42.5
94586,Sunol,CA,Alameda County,42.5
90742,Sunset Beach,CA,Orange County,42.5
90743,Surfside,CA,Orange County,42.5
96127,Susanville,CA,Lassen County,32.5
96130,Susanville,CA,Lassen County,42.5
95982,Sutter,CA,Sutter County,42.5
95685,Sutter Creek,CA,Amador County,42.5
91342,Sylmar,CA,Los Angeles County,42.5
91392,Sylmar,CA,Los Angeles County,42.5
93268,Taft,CA,Kern County,42.5
96145,Tahoe City,CA,Placer County,42.5
96148,Tahoe Vista,CA,Placer County,42.5
96142,Tahoma,CA,El Dorado County,42.5
95481,Talmage,CA,Mendocino County,42.5
91356,Tarzana,CA,Los Angeles County,42.5
91357,Tarzana,CA,Los Angeles County,42.5
95983,Taylorsville,CA,Plumas County,42.5
91980,Tecate,CA,San Diego County,42.5
91987,Tecate,CA,San Diego County,32.5
92389,Tecopa,CA,Inyo County,42.5
93561,Tehachapi,CA,Kern County,42.5
93581,Tehachapi,CA,Kern County,42.5
96090,Tehama,CA,Tehama County,42.5
92589,Temecula,CA,Riverside County,42.5
92590,Temecula,CA,Riverside County,42.5
92591,Temecula,CA,Riverside County,42.5
92592,Temecula,CA,Riverside County,42.5
92593,Temecula,CA,Riverside County,42.5
91780,Temple City,CA,Los Angeles County,42.5
93465,Templeton,CA,San Luis Obispo County,32.5
96132,Termo,CA,Lassen County,42.5
93270,Terra Bella,CA,Tulare County,42.5
95497,The Sea Ranch,CA,Sonoma County,42.5
92274,Thermal,CA,Riverside County,42.5
95686,Thornton,CA,San Joaquin County,42.5
91358,Thousand Oaks,CA,Ventura County,42.5
91360,Thousand Oaks,CA,Ventura County,42.5
91362,Thousand Oaks,CA,Ventura County,42.5
92276,Thousand Palms,CA,Riverside County,42.5
93271,Three Rivers,CA,Tulare County,42.5
93272,Tipton,CA,Tulare County,42.5
93667,Tollhouse,CA,Fresno County,42.5
91610,Toluca Lake,CA,Los Angeles County,42.5
94971,Tomales,CA,Marin County,42.5
90290,Topanga,CA,Los Angeles County,42.5
90501,Torrance,CA,Los Angeles County,42.5
90502,Torrance,CA,Los Angeles County,42.5
90503,Torrance,CA,Los Angeles County,42.5
90504,Torrance,CA,Los Angeles County,42.5
90505,Torrance,CA,Los Angeles County,42.5
90506,Torrance,CA,Los Angeles County,42.5
90507,Torrance,CA,Los Angeles County,42.5
90508,Torrance,CA,Los Angeles County,42.5
90509,Torrance,CA,Los Angeles County,42.5
90510,Torrance,CA,Los Angeles County,42.5
92678,Trabuco Canyon,CA,Orange County,42.5
92679,Trabuco Canyon,CA,Orange County,42.5
95304,Tracy,CA,San Joaquin County,42.5
95376,Tracy,CA,San Joaquin County,42.5
95377,Tracy,CA,San Joaquin County,42.5
95378,Tracy,CA,San Joaquin County,32.5
95391,Tracy,CA,San Joaquin County,42.5
93668,Tranquillity,CA,Fresno County,42.5
93673,Traver,CA,Tulare County,42.5
94535,Travis Afb,CA,Solano County,42.5
95075,Tres Pinos,CA,San Benito County,42.5
95570,Trinidad,CA,Humboldt County,42.5
96091,Trinity Center,CA,Trinity County,42.5
93562,Trona,CA,San Bernardino County,32.5
96160,Truckee,CA,Nevada County,42.5
96161,Truckee,CA,Nevada County,42.5
96162,Truckee,CA,Placer County,32.5
91042,Tujunga,CA,Los Angeles County,42.5
91043,Tujunga,CA,Los Angeles County,42.5
93274,Tulare,CA,Tulare County,42.5
93275,Tulare,CA,Tulare County,42.5
96134,Tulelake,CA,Siskiyou County,42.5
95379,Tuolumne,CA,Tuolumne County,42.5
93276,Tupman,CA,Kern County,42.5
95380,Turlock,CA,Stanislaus County,42.5
95381,Turlock,CA,Stanislaus County,32.5
95382,Turlock,CA,Stanislaus County,42.5
92780,Tustin,CA,Orange County,42.5
92781,Tustin,CA,Orange County,42.5
92782,Tustin,CA,Orange County,42.5
95383,Twain Harte,CA,Tuolumne County,42.5
92277,Twentynine Palms,CA,San Bernardino County,42.5
92278,Twentynine Palms,CA,San Bernardino County,42.5
95735,Twin Bridges,CA,El Dorado County,42.5
92391,Twin Peaks,CA,San Bernardino County,42.5
95482,Ukiah,CA,Mendocino County,42.5
94587,Union City,CA,Alameda County,42.5
91608,Universal City,CA,Los Angeles County,42.5
91784,Upland,CA,San Bernardino County,42.5
91785,Upland,CA,San Bernardino County,42.5
91786,Upland,CA,San Bernardino County,42.5
95485,Upper Lake,CA,Lake County,42.5
95687,Vacaville,CA,Solano County,42.5
95688,Vacaville,CA,Solano County,42.5
95696,Vacaville,CA,Solano County,42.5
91354,Valencia,CA,Los Angeles County,42.5
91355,Valencia,CA,Los Angeles County,42.5
91385,Valencia,CA,Los Angeles County,42.5
95251,Vallecito,CA,Calaveras County,42.5
94589,Vallejo,CA,Solano County,42.5
94590,Vallejo,CA,Solano County,42.5
94591,Vallejo,CA,Solano County,42.5
94592,Vallejo,CA,Solano County,42.5
92082,Valley Center,CA,San Diego County,42.5
94972,Valley Ford,CA,Sonoma County,42.5
95252,Valley Springs,CA,Calaveras County,42.5
91607,Valley Village,CA,Los Angeles County,42.5
91617,Valley Village,CA,Los Angeles County,42.5
93563,Valyermo,CA,Los Angeles County,42.5
91401,Van Nuys,CA,Los Angeles County,42.5
91404,Van Nuys,CA,Los Angeles County,42.5
91405,Van Nuys,CA,Los Angeles County,42.5
91406,Van Nuys,CA,Los Angeles County,42.5
91407,Van Nuys,CA,Los Angeles County,42.5
91408,Van Nuys,CA,Los Angeles County,42.5
91409,Van Nuys,CA,Los Angeles County,42.5
91410,Van Nuys,CA,Los Angeles County,42.5
91411,Van Nuys,CA,Los Angeles County,42.5
91470,Van Nuys,CA,Los Angeles County,42.5
91482,Van Nuys,CA,Los Angeles County,42.5
91496,Van Nuys,CA,Los Angeles County,42.5
91499,Van Nuys,CA,Los Angeles County,42.5
90291,Venice,CA,Los Angeles County,42.5
90294,Venice,CA,Los Angeles County,42.5
93001,Ventura,CA,Ventura County,42.5
93002,Ventura,CA,Ventura County,42.5
93003,Ventura,CA,Ventura County,42.5
93004,Ventura,CA,Ventura County,42.5
93005,Ventura,CA,Ventura County,42.5
93006,Ventura,CA,Ventura County,42.5
93007,Ventura,CA,Ventura County,42.5
93009,Ventura,CA,Ventura County,42.5
91046,Verdugo City,CA,Los Angeles County,42.5
95385,Vernalis,CA,Stanislaus County,42.5
95253,Victor,CA,San Joaquin County,42.5
92392,Victorville,CA,San Bernardino County,42.5
92393,Victorville,CA,San Bernardino County,42.5
92394,Victorville,CA,San Bernardino County,42.5
92395,Victorville,CA,San Bernardino County,42.5
92280,Vidal,CA,San Bernardino County,42.5
95486,Villa Grande,CA,Sonoma County,42.5
92861,Villa Park,CA,Orange County,42.5
96092,Vina,CA,Tehama County,42.5
95487,Vineburg,CA,Sonoma County,42.5
96135,Vinton,CA,Plumas County,42.5
93277,Visalia,CA,Tulare County,42.5
93278,Visalia,CA,Tulare County,42.5
93279,Visalia,CA,Tulare County,42.5
93290,Visalia,CA,Tulare County,42.5
93291,Visalia,CA,Tulare County,42.5
93292,Visalia,CA,Tulare County,42.5
92081,Vista,CA,San Diego County,42.5
92083,Vista,CA,San Diego County,42.5
92084,Vista,CA,San Diego County,42.5
92085,Vista,CA,San Diego County,42.5
95689,Volcano,CA,Amador County,42.5
95254,Wallace,CA,Calaveras County,42.5
91788,Walnut,CA,Los Angeles County,42.5
91789,Walnut,CA,Los Angeles County,42.5
94595,Walnut Creek,CA,Contra Costa County,42.5
94596,Walnut Creek,CA,Contra Costa County,42.5
94597,Walnut Creek,CA,Contra Costa County,42.5
94598,Walnut Creek,CA,Contra Costa County,42.5
95690,Walnut Grove,CA,Sacramento County,42.5
92086,Warner Springs,CA,San Diego County,42.5
93280,Wasco,CA,Kern County,42.5
95986,Washington,CA,Nevada County,32.5
95386,Waterford,CA,Stanislaus County,42.5
95076,Watsonville,CA,Santa Cruz County,42.5
93282,Waukena,CA,Tulare County,42.5
96093,Weaverville,CA,Trinity County,42.5
96094,Weed,CA,Siskiyou County,42.5
95736,Weimar,CA,Placer County,42.5
93283,Weldon,CA,Kern County,32.5
96136,Wendel,CA,Lassen County,42.5
95571,Weott,CA,Humboldt County,42.5
91790,West Covina,CA,Los Angeles County,42.5
91791,West Covina,CA,Los Angeles County,42.5
91792,West Covina,CA,Los Angeles County,42.5
91793,West Covina,CA,Los Angeles County,42.5
91307,West Hills,CA,Los Angeles County,42.5
91308,West Hills,CA,Los Angeles County,42.5
90069,West Hollywood,CA,Los Angeles County,42.5
95255,West Point,CA,Calaveras County,32.5
95605,West Sacramento,CA,Yolo County,42.5
95691,West Sacramento,CA,Yolo County,42.5
95798,West Sacramento,CA,Yolo County,42.5
95799,West Sacramento,CA,Yolo County,42.5
91359,Westlake Village,CA,Los Angeles County,42.5
91361,Westlake Village,CA,Ventura County,42.5
95387,Westley,CA,Stanislaus County,42.5
92683,Westminster,CA,Orange County,42.5
92684,Westminster,CA,Orange County,42.5
92685,Westminster,CA,Orange County,42.5
92281,Westmorland,CA,Imperial County,32.5
95488,Westport,CA,Mendocino County,42.5
96137,Westwood,CA,Lassen County,42.5
95692,Wheatland,CA,Yuba County,42.5
96095,Whiskeytown,CA,Shasta County,42.5
95589,Whitethorn,CA,Humboldt County,42.5
92282,Whitewater,CA,Riverside County,42.5
96096,Whitmore,CA,Shasta County,42.5
90601,Whittier,CA,Los Angeles County,42.5
90602,Whittier,CA,Los Angeles County,42.5
90603,Whittier,CA,Los Angeles County,42.5
90604,Whittier,CA,Los Angeles County,42.5
90605,Whittier,CA,Los Angeles County,42.5
90606,Whittier,CA,Los Angeles County,42.5
90607,Whittier,CA,Los Angeles County,42.5
90608,Whittier,CA,Los Angeles County,42.5
90609,Whittier,CA,Los Angeles County,42.5
90610,Whittier,CA,Los Angeles County,42.5
92595,Wildomar,CA,Riverside County,42.5
95987,Williams,CA,Colusa County,42.5
95490,Willits,CA,Mendocino County,42.5
95573,Willow Creek,CA,Humboldt County,42.5
95988,Willows,CA,Glenn County,42.5
90744,Wilmington,CA,Los Angeles County,42.5
90748,Wilmington,CA,Los Angeles County,42.5
95257,Wilseyville,CA,Calaveras County,42.5
95693,Wilton,CA,Sacramento County,42.5
92596,Winchester,CA,Riverside County,42.5
95492,Windsor,CA,Sonoma County,42.5
91306,Winnetka,CA,Los Angeles County,42.5
91396,Winnetka,CA,Los Angeles County,42.5
92283,Winterhaven,CA,Imperial County,32.5
95694,Winters,CA,Yolo County,42.5
95388,Winton,CA,Merced County,42.5
93669,Wishon,CA,Madera County,42.5
95493,Witter Springs,CA,Lake County,42.5
93285,Wofford Heights,CA,Kern County,42.5
94973,Woodacre,CA,Marin County,42.5
95258,Woodbridge,CA,San Joaquin County,42.5
93286,Woodlake,CA,Tulare County,42.5
95695,Woodland,CA,Yolo County,42.5
95776,Woodland,CA,Yolo County,42.5
91364,Woodland Hills,CA,Los Angeles County,42.5
91365,Woodland Hills,CA,Los Angeles County,42.5
91367,Woodland Hills,CA,Los Angeles County,42.5
91371,Woodland Hills,CA,Los Angeles County,42.5
93287,Woody,CA,Kern County,42.5
92397,Wrightwood,CA,San Bernardino County,42.5
92398,Yermo,CA,San Bernardino County,42.5
93670,Yettem,CA,Tulare County,42.5
95697,Yolo,CA,Yolo County,42.5
92885,Yorba Linda,CA,Orange County,42.5
92886,Yorba Linda,CA,Orange County,42.5
92887,Yorba Linda,CA,Orange County,42.5
95494,Yorkville,CA,Mendocino County,42.5
95389,Yosemite National Park,CA,Mariposa County,42.5
94599,Yountville,CA,Napa County,42.5
96097,Yreka,CA,Siskiyou County,42.5
95991,Yuba City,CA,Sutter County,42.5
95992,Yuba City,CA,Sutter County,42.5
95993,Yuba City,CA,Sutter County,42.5
92399,Yucaipa,CA,San Bernardino County,42.5
92284,Yucca Valley,CA,San Bernardino County,42.5
92286,Yucca Valley,CA,San Bernardino County,42.5
95698,Zamora,CA,Yolo County,42.5
95595,Zenia,CA,Trinity County,42.5
